id_number,first_name,last_name,phone_number,address_zip_code
218860551,Guthrie,Hanmore,900-915-3262,22175
907688215,Belinda,Liversage,653-671-3806,58854
65038757,Kary,Debenham,583-421-1771,35475
826878591,Claiborn,De Souza,709-715-0924,66551
520021510,Preston,Amey,367-926-3837,49178
921821598,Web,Welbrock,946-539-7229,66832
821524805,Myriam,Charkham,625-854-4458,53904
559726337,Hortensia,Moppett,111-210-4943,43620
216333169,Mallory,Fader,826-138-6633,19066
750623551,Marjie,Dyter,602-157-3302,99211
785994650,Goddart,Duiguid,176-870-3505,83318
559620059,Randie,Bradberry,869-717-0273,43039
900825535,Torrence,Moogan,455-421-8780,01450
137152181,Nappy,Gozzett,396-941-7953,69665
634561177,Tarah,Sextie,966-826-4454,72267
438467577,Waylan,Arnout,450-685-3900,50016
191930654,Tandy,Ends,677-998-5394,38653
551441935,Jodie,Gradon,124-943-9496,41338
567592516,Fowler,Jurczyk,449-515-3282,67004
934306655,Quintina,Haselup,681-970-9176,70548
687051850,Romeo,Hardiker,814-596-3551,34968
291789014,Brigid,Cresser,507-484-8150,03475
195743471,Riordan,Longmuir,221-324-7465,63462
752208637,Jaine,Learmont,495-220-8505,65747
116478326,Elbert,Formby,502-566-4598,79408
362263841,Deanne,Raspel,218-458-5738,10640
555573553,Lacy,Dybald,743-352-1564,06905
840364830,Carla,Micah,294-793-2545,52646
516966505,Jordan,Ioselevich,150-955-6108,71460
319530389,Valenka,Jenton,278-197-2853,64662
480033016,Valerye,Dolton,600-337-0603,13809
419495149,Talia,Aldie,565-224-3318,31770
486176882,Mathilda,Wortt,653-804-5441,10093
942466808,Darbie,Coxhell,255-716-0274,05227
922560966,Tom,Amorine,126-116-2290,00951
437263015,Feodora,Mansell,796-599-0559,17668
190865059,Genvieve,Smorfit,576-844-6759,57623
228539297,Nanni,Mellhuish,710-291-3583,09483
896889843,Tandie,Snell,431-109-4034,81057
128427168,Wat,Nestoruk,828-515-4945,09074
451040161,Rene,Assiter,776-103-9732,42120
94536309,Naoma,Human,531-413-3534,14823
672219920,Elita,Crossan,758-731-4728,23615
316999233,Guillema,Da Costa,744-853-7053,07666
484213995,Anitra,Janz,257-653-6913,49864
318078056,Steffi,Boyack,153-823-9542,58163
132327419,Gloriana,Swetmore,645-321-7488,34170
473769772,Giorgio,MacAllen,357-510-7880,52568
93373636,Arne,Cossons,334-426-7203,77250
430869427,Celinda,Raccio,772-233-8129,70343
182771470,Tilly,Gniewosz,783-643-9045,32784
65960726,Ximenez,Causley,789-325-8446,44960
339622382,Helga,Griffithe,262-370-5651,12494
333246549,Zorah,Ellsworthe,186-506-9579,33025
872987528,Moll,Silverman,488-396-1513,21011
933211113,Moina,Etherington,422-806-7078,49629
646210865,Claudia,Edsell,314-350-9987,52490
906110497,Lorine,Walne,958-208-6646,03648
21196681,Oneida,Wedlock,703-656-4563,89140
509602495,Eliot,Steptow,687-380-9483,71671
483178052,Minne,Rawne,824-360-6807,55737
20660312,Natka,Ledes,942-606-1763,63375
563073655,Alejandra,Schwaiger,853-526-4554,60944
414727820,Nico,Dawbury,920-313-1419,28094
582800602,Enos,Woolacott,422-782-1979,23616
478834862,Bobbie,MacArte,539-925-6952,00760
814377350,Kati,Lowe,626-562-5376,99438
803991433,Noella,Vibert,177-153-5298,25686
767344494,Tadd,Champerlen,535-954-0583,66354
381788240,Iorgos,Kinder,987-959-4576,17581
485633825,Brennen,Favell,815-536-6577,33424
503607670,Eddie,Linford,617-869-1876,32965
978223943,Yuri,Pflieger,984-525-7890,51588
142506230,Yvonne,Tinn,272-642-4544,14786
894356051,Jenine,Tolomelli,200-170-2543,35065
501216375,Sebastien,Trevena,708-824-0552,99884
211992637,Bernete,McGaugey,259-853-2447,54637
989652292,Mimi,Warlow,311-735-5445,44134
329057389,Tilly,Deguara,381-594-5721,93569
656080231,Kareem,Saxelby,804-886-4712,28463
215794856,Rodd,Wombwell,837-680-2921,98206
656240273,Mellicent,MacMorland,570-508-8946,31138
537250571,Camey,Faulds,569-661-2405,24645
785998476,Minnie,Edyson,349-585-4482,14485
857809802,Carolyne,Bafford,226-574-8557,69776
43020052,Gregorio,Le Jean,670-870-5360,51848
643483385,Giffer,Kerridge,786-576-9949,40242
277646287,Alden,Evennett,916-831-3032,97162
878326195,Thurston,Sutliff,594-247-9383,72155
592629417,Nealon,Kellock,410-421-0489,75232
399619850,Sashenka,Tonna,787-215-3696,83122
245533713,Raimondo,Spadari,105-206-2598,99388
394953713,Abigail,Itzak,755-439-1512,09692
365114540,Theodosia,Mancell,249-339-1385,43830
13314557,Adrianna,Greetham,126-535-5518,31888
251286586,Maureen,Janowski,116-312-7375,83884
862940267,Rosco,Van der Velden,801-864-2847,93150
106984853,Bryn,Trimmill,949-882-3251,24655
31922636,Eadith,Brewer,880-631-0681,84096
592159329,Neils,Josupeit,420-571-8584,10519
16055984,Conan,Hancke,248-522-9245,77887
406278086,Delmer,Huban,809-886-6326,76738
226942866,Kylila,Jordan,227-932-5701,20965
438416691,Corney,Longfield,200-296-7505,04036
149242801,Keriann,Dunbobbin,612-683-1687,80321
908871401,Orelee,Hannibal,972-152-3368,63181
635065576,Bald,Browett,285-647-1308,26589
839622744,Hetti,Coote,754-798-3717,59487
639456245,Stacy,Paterson,827-943-7073,20210
831173702,Launce,Hambrook,348-862-9983,49380
815924630,Anna-diane,Greatham,296-752-4818,29204
881227070,Gasparo,Delucia,106-609-5959,98766
948753629,Emmerich,Kardos,596-430-9162,88820
40934725,Lawry,Ruckledge,280-604-8156,08431
59802339,Christye,Pioch,154-563-1185,77791
296604822,Gustie,Willmore,517-444-9807,76412
176225394,Rockwell,Wennam,847-127-9507,95239
987662387,Gloriane,Savine,220-675-9486,00116
224390649,Sebastian,Hugett,265-436-9286,51761
43718037,Camile,Pfaffe,512-960-0573,84612
601316128,Lyndsey,Yarham,280-412-9373,93492
901110153,Gaby,Cordobes,788-291-0567,68051
578497476,Zita,Lambin,265-627-4020,64688
86651707,Dru,Ruslin,118-925-4644,02082
856890105,Diena,Traill,892-521-4608,57999
760154472,Isaac,Crickmore,672-156-8816,11686
974079864,Mose,Budgen,548-657-8280,82619
801033175,Kristi,Epdell,851-521-1676,61108
550499802,Mona,Cratere,104-968-8343,11435
724740368,Bret,Harwin,654-850-3131,34772
311625082,Roberta,Wickendon,560-473-0379,58204
753172091,Dallis,Tweedy,265-880-9668,06611
425729797,Moyra,Rolston,481-824-2855,83536
650863972,Lorne,Curston,637-554-1881,98930
868370385,Cassius,Hamberston,294-172-7226,10592
800933298,Kale,Strathe,457-573-1040,36615
155500241,Kacy,Clyde,454-613-2317,69450
165547248,Dorolisa,Tomney,474-313-9470,00052
615922900,Marie-jeanne,Sweetland,552-441-1025,70772
555242062,Boy,Arthars,670-135-0040,29139
457907159,Goraud,Babb,679-238-6695,08136
717549733,Matthiew,Brophy,376-725-1275,07568
828045466,Lilla,Sonnenschein,492-654-0917,20126
401444342,Adrian,Gay,751-616-6405,21067
893507902,Ginnie,Nipper,491-397-5256,28743
41512654,Cassius,Huyche,539-993-4156,14489
699538287,Gerry,Matzke,846-233-5208,43108
869909476,Melany,McKelloch,862-739-9308,49511
925852315,Arlinda,Lagen,883-270-9185,54404
151154269,Derrick,Saxon,886-475-6824,91613
922054960,Ashby,Grint,126-735-3106,33302
328819326,Alexander,Mongain,225-290-7702,66751
162877600,Cobby,Erie,656-666-0500,95935
877764379,Dov,Bengoechea,996-951-9028,70481
472111582,Goran,Appleton,243-806-5485,12473
749774476,Oliy,Gabler,874-208-2639,95483
137503431,Taylor,Kubacek,866-647-4745,66817
753774297,Eva,Halvosen,914-700-1217,85773
432342133,Marilin,Steers,263-737-9880,54437
656837506,Ronnie,Kearns,106-984-4064,47729
982579430,Celinda,Jackson,347-858-7730,22105
770703732,Jania,Neylon,907-694-9501,51978
372936629,Derry,Millyard,310-247-9256,04728
501372726,Manya,McEachern,783-146-9911,49265
165071628,Bertie,Goodbanne,887-937-3146,05498
694070553,Birch,Merrall,722-957-6308,74028
641981970,Milo,McKerrow,898-482-6141,03830
191059562,Hashim,Ivanin,183-222-9670,80897
263792382,Carline,Attril,576-660-2445,24391
780177440,Catlee,Paler,434-568-0728,16415
458989586,Shane,Byrnes,871-783-0349,46289
978480134,Bartel,Blant,636-780-9753,24686
325779409,Enoch,Cockman,684-277-6827,24816
238583133,Roxy,Olkowicz,575-620-2924,04721
451041109,Normie,Harland,842-468-8825,81138
622777375,Karil,Kivell,110-794-1227,43585
19075597,Sanders,Dinnage,580-851-1433,48301
303625856,Shanan,Fahey,544-141-9572,73348
46546548,Syd,Retchford,389-822-8093,64024
744647258,Janos,Peckett,613-685-7125,69878
570359277,Adrianna,Lettington,137-550-4954,90432
877489501,Wynne,Dincey,796-433-6770,66639
309591974,Annmaria,Kaplin,672-770-4639,87115
119752991,Colby,Andrivel,922-452-6640,28651
731277527,Walker,Hillyatt,290-887-3369,74366
913315253,Bordie,Keepence,938-282-7574,36806
116510619,Vincenty,Van Driel,285-224-3859,51680
262336236,Corbett,Mitchelson,354-391-0978,97293
795302787,Raine,Oxtaby,160-368-2032,32650
641034477,Flint,Hendriks,981-421-4127,99898
707754944,Karine,Whetland,792-254-9610,49079
594645298,Selene,Sandars,247-505-7469,07082
152563572,Karry,O'Hear,725-897-3819,25430
229771704,Toma,Fawssett,253-937-7315,40863
132442240,Jeane,Halleday,843-835-7135,69582
560843721,Lavena,Ballsdon,728-346-1677,88089
836450136,Patrizius,Storey,570-885-9008,27116
986652629,Skelly,Spurryer,879-384-2713,23920
140290970,Wash,Tidswell,281-669-7508,69588
859132109,Stacy,Yablsley,254-158-1475,67598
874833374,Kimberlee,Gerardin,911-324-6123,56392
685734575,Brandy,Fronsek,385-375-7833,18540
69694342,Cthrine,Ouslem,511-736-6077,85010
979549451,Kathe,Baumford,417-399-2056,60647
346161842,Winthrop,Leverentz,403-573-3283,66407
255710978,Allina,Dufaur,430-868-2829,57826
673355134,Margy,Dows,363-543-8536,79504
330192070,Jarrod,Paske,722-251-9449,76045
279921448,Gaby,Roach,717-325-5060,43289
945821231,Dottie,Rodwell,764-662-9158,14209
554796128,Zola,Peach,332-565-5433,94436
239747418,Aylmar,Corwin,351-660-0735,52540
396522330,Albert,Northin,224-462-6373,32446
2255926,Malcolm,Godbehere,409-362-9176,68666
19755797,Dorita,O'Regan,903-403-1969,57785
88316737,Marys,Bryde,684-793-4667,44657
54438760,Hieronymus,McKernon,434-625-3240,50101
240833605,Debby,Castillon,439-601-1136,39819
432846326,Dolf,Moodie,816-654-1606,78321
369769618,Anjela,Boog,971-663-8184,63602
38035548,Isador,McGawn,395-207-8883,25969
216884950,Emlynn,Owthwaite,780-771-3002,15552
388658102,Vally,Kesley,371-926-0016,14601
439348426,Kit,Barkway,917-172-1042,88411
330173056,Daisie,Durie,939-514-8347,45552
869862139,Karen,Kristoffersen,219-565-9120,28939
192233479,Jobina,Garham,278-659-8751,19064
799340963,Ophelie,Reburn,706-741-3916,04167
189345409,Britney,Berthon,860-346-2734,19909
119845760,Abigael,Smullen,483-354-3799,43491
407931680,Cornelle,Inggall,273-865-8941,72581
54597607,Kincaid,Bonome,513-906-1616,40625
411255223,Mariana,McAvinchey,387-804-7959,10198
296471120,Madeleine,Colbert,403-240-5240,89709
991319687,Thorpe,Anthoin,335-613-6063,36147
321859903,Ashly,Glasscock,414-774-5134,16483
75744148,Heather,Roth,792-617-2964,82550
969908935,Stevana,Vines,834-782-5341,71869
424981374,Caitlin,Roggero,314-444-6172,09003
716146347,Evania,Ableson,961-179-1578,40867
371676710,Liam,Friskey,899-806-6606,72360
143866701,Bellanca,Mulloch,713-502-9777,80185
994767062,Randolf,Culross,329-365-0788,41785
545422552,Natividad,Southerill,598-900-7309,63762
634009713,Ikey,Chaundy,773-488-1997,67996
324076597,Samara,Ogelsby,290-439-5517,81558
160919262,Desmond,Claridge,880-776-1404,90441
318972706,Tybi,Blackadder,523-902-1027,15835
933065007,Helli,Popov,688-372-7823,69119
12509008,Thaddeus,Warrener,389-731-7013,40826
387381910,Archie,Johnsson,428-370-0168,30219
734772019,Antoinette,Daft,132-560-1763,72272
138815070,Yank,Bointon,179-765-1626,32202
473655629,Eleanora,Donnan,845-463-4134,85620
680068343,Alane,Marchenko,701-552-8689,69942
686409144,Jyoti,Ferrie,164-442-5884,54207
561659592,Dolorita,Ballsdon,339-735-8549,30674
364374445,Helenelizabeth,Borrill,202-715-7032,99532
60966794,Felike,Herreran,253-296-7889,86131
281346461,Katuscha,Gillard,444-875-7949,12573
935071231,Bobbi,Dudenie,862-487-9367,56336
964845693,Dennie,Finn,499-653-0798,96691
757853082,Rania,Pinchin,855-731-6250,17235
672667458,Vera,Kuller,202-358-6654,10939
337759226,Chandal,Morit,831-172-9106,46596
116303892,Julian,Chartman,586-669-7027,52099
310087875,Keane,Henken,693-965-2918,21588
633258154,Ike,Agron,849-228-8896,59762
965054180,Sherwin,Liddard,373-348-5577,16553
291684974,Marya,Silley,388-436-1793,21103
727411305,Phyllis,Hiskey,718-732-1948,33277
669411529,Mitchel,Smiz,806-890-4849,43818
839746681,Karmen,Valenti,991-464-7022,09256
840991459,Janella,Packer,377-725-0275,70344
745443927,Craggie,Duddy,773-266-6231,43171
236167329,Koressa,Wilshere,961-476-6665,27683
834902516,Lawry,Thibodeaux,953-360-7778,85970
90672408,Janelle,Snowsill,106-773-6155,16881
287257203,Cornie,Cowles,201-295-1467,63896
196844450,Geneva,Canto,540-875-3551,17261
72697972,Vicki,Lovitt,239-340-7647,57135
833528786,Marietta,Rihanek,512-562-2745,76137
514984511,Russell,Gavaran,767-892-2094,49765
333477893,Scot,Meak,706-608-0933,33769
570702466,Gunar,Champley,836-733-2020,80377
825596439,Lois,Haggerston,876-934-6157,26815
792815723,Rebbecca,Skains,888-243-2853,27552
203850698,Spencer,McHan,272-780-6637,99327
396296990,Lockwood,Roulston,173-273-4578,47984
674289245,Lyndsay,Padberry,712-539-3566,24573
581913612,Davidde,Williamson,121-242-5143,81141
688105015,Quinta,Shead,986-268-4581,46519
169291280,Tomlin,Spellar,713-390-2679,27016
257807925,Reeba,Stranks,198-487-7742,79093
347677262,Lawry,Line,974-226-5178,47389
32573323,Carleen,Gircke,292-108-0369,81731
404196727,Daisie,Lomb,767-643-9632,63981
822131890,Mariellen,Morfey,208-149-9688,16229
277694066,Brit,Dauncey,313-877-3748,96139
213064055,Parnell,Tookey,548-995-4340,63475
518859212,Michaeline,Jorgensen,453-552-1420,86612
214478315,Catherin,Lohmeyer,509-314-3357,38541
305411731,Orland,Huntley,897-910-4668,01540
966780577,Ailyn,Geist,666-268-9164,75221
39040609,Olenka,Fazakerley,388-574-9702,95747
797601190,Dotti,Cadman,573-534-6833,60931
73509081,Annalise,Thiem,488-745-0022,31823
79808105,Bartholomeus,Dikles,438-549-1670,02224
334892898,Vilma,Biers,746-823-1161,52355
847233764,Zia,Garnsworth,953-920-0297,57031
121197044,Valencia,Ashmore,170-139-7933,99824
610411560,Sybil,Cogzell,331-314-2109,50697
654774257,Teirtza,Winskill,728-638-9135,65728
978807858,Mollie,Collister,965-150-6815,77747
193567247,Cate,Brolan,474-980-6095,18814
950130964,Justis,Chelsom,155-995-9367,79629
768539431,Jade,Wanden,524-856-6744,72045
586598148,Sabine,Smerdon,888-809-2046,60607
438928969,Howard,Frawley,303-799-5003,21814
782804369,Pattie,Kiggel,875-951-2280,54678
627109194,Marj,Kenwrick,610-915-7364,67372
251131122,Papageno,Mouse,679-922-5225,97526
666742739,Cecilius,Dahlberg,840-183-5232,66764
942077167,Friedrick,Cristofano,769-758-8485,74090
688861562,Kennett,Lovett,373-725-6104,00714
666642597,Kimbra,Trays,774-792-7974,98820
725282162,Bonny,Pipworth,343-734-4366,19374
726393904,Fernando,Witty,451-755-8241,17387
170135596,Ives,Fozard,893-528-0643,54753
700995214,Waldemar,Twinning,841-126-7963,94561
481570910,Blair,Daldry,956-191-3993,57467
606823818,Frannie,Caulket,243-813-7049,49031
530170021,Sheppard,Iremonger,761-647-4258,07257
146240429,Denyse,Housley,819-177-2272,08449
418111606,Gottfried,Demoge,360-827-6483,41460
307109937,Josefa,Sambrok,648-147-7798,83285
506718525,Violet,Wynn,976-676-6306,38259
548905598,Isidoro,Yearne,168-209-0074,75865
492711123,Hobie,Saxon,112-182-2897,02661
451923350,Sandie,Midlar,634-332-4620,87511
970384663,Nari,Kettlestringe,998-694-0178,93093
250693492,Vassily,Poles,161-826-4506,40174
414861474,Bettye,Sear,162-669-5419,59190
112275710,Damiano,Laker,285-859-3668,97371
341694849,Jobey,Ciccetti,350-236-5796,20994
351981574,Olly,Denziloe,230-301-3324,37916
58701459,Fernando,Yewdale,462-427-7212,40627
750573176,Marrilee,Pigne,847-133-6396,50771
517843252,Siusan,Raund,163-640-2810,90272
794766031,Paddy,Van Arsdall,933-787-5615,54970
816874900,Concordia,Yurukhin,954-706-3926,77882
639068604,Kassey,Collicott,406-845-4105,97320
445924,Malinde,Barensen,607-459-2561,28707
127908424,Myca,Scandrite,415-442-1458,61880
67631651,Cori,Smead,913-806-8337,61396
103113386,Cicely,McRobb,569-947-9823,50477
616093734,Omar,Polle,527-130-7558,16218
632521779,Estella,Flemming,999-970-2164,32517
283720313,Patrick,Toland,932-267-5397,77852
296084581,Scarface,Leivesley,483-566-4798,73216
11383038,Delilah,Battaille,882-699-3683,59909
132887961,Andie,O' Concannon,457-879-7190,42420
247151855,Florette,Eaken,693-387-3283,45708
972094365,Fee,Garfield,989-972-5911,86151
558750083,Leo,Cleve,784-926-2795,60371
492663999,Dee dee,Irce,341-359-7532,11809
330820175,David,Vasilchenko,902-486-5847,99994
431906647,Darius,Buffin,116-216-3021,61044
694878490,Roi,Cuttler,698-712-0607,78980
235130948,Ilsa,Gillinghams,226-488-1265,10149
962779250,Chicky,Abrams,887-778-4237,79199
211220941,Knox,Bercevelo,128-618-5361,09166
648952293,Babara,Thomtson,671-179-1454,44461
478169400,Rodd,MacGlory,929-623-7745,09327
977480057,Krystalle,Olivera,327-259-8427,20449
546255000,Nerte,Ibert,784-181-3593,38708
684817097,Alf,Joska,989-392-5482,08846
99389219,Nathanael,Vaud,811-503-0670,76357
541617864,Philis,Gaitone,815-119-3905,85328
754666644,Tallie,Semmens,360-548-9411,92839
482359779,Yoshiko,Gossan,742-479-9938,91038
84432350,James,Wheatcroft,391-547-2049,17005
738688781,Chaddie,Anelay,209-637-7890,55462
156343874,Dalenna,Zylbermann,832-641-8834,42780
691344035,Lorita,Gourley,600-525-4139,31824
339306780,Malvin,Hardey,875-952-5002,61449
829436165,Romy,Wickwar,912-577-2130,48798
857766860,Lacy,Gingold,956-103-8358,22641
519618915,Laina,MacAree,818-904-3936,63209
416778807,Francesco,Syvret,599-436-6322,78640
237594874,Gail,Smaridge,761-774-9406,99693
806674329,Desirae,Saintpierre,645-468-8507,93357
446633612,Jolyn,Woollett,475-483-4141,03794
368042449,Sarah,Brunelli,376-384-0457,38778
27577129,Adora,Chalfant,422-756-0215,44968
606178879,Lothario,Schuler,457-282-2309,20415
402749668,Nina,Mustarde,347-625-7232,70857
616569292,Annabella,Boow,743-442-9616,48287
179716771,Curcio,Braga,888-522-8737,15707
756575573,Hildagard,Dogerty,900-124-4825,05771
951308841,Way,De Giovanni,482-370-1128,80938
556944619,Otis,Maccaig,268-281-9146,98893
905210890,Jerrie,Coomer,752-860-7415,24669
685693187,Rand,Flew,372-452-7574,45502
355518275,Gertrude,Muirden,912-338-4006,44343
690999812,Candy,Ladel,207-783-3973,99545
572428870,Steffen,Ellum,126-251-9261,21633
377178008,Darrick,Westfalen,363-731-1007,83329
9955676,Arlette,Van der Beek,250-298-8823,36272
432988112,Cecily,McIlwain,287-702-7622,78573
23233577,Taddeusz,Albin,751-123-9314,29986
655297976,Bern,Cawker,423-841-4648,15022
16595030,Judi,Mallan,817-360-3050,87603
418590525,Myranda,Vanni,864-664-5883,34503
114639314,Wright,Cratchley,225-674-3351,91785
777309245,Franklin,Labrenz,750-763-8355,13523
442065685,Hunter,Rolston,969-668-5090,97667
597799175,Dean,Pharrow,854-722-2963,39527
696030547,Jazmin,Ohlsen,164-120-7678,54916
715513161,Gerianne,St. Quentin,650-421-0486,26130
240315758,Emanuel,Fright,516-312-4111,11868
696844430,Crissy,Clayworth,908-839-1512,34835
871588165,Leonore,Minor,840-970-5304,19080
297280744,Violet,McAuslan,707-262-4177,31160
114512262,Farris,Frugier,384-317-7225,19250
512208165,Robbi,Mullarkey,771-110-9291,50953
720694240,Launce,Draycott,642-952-5296,66822
501911381,Alexander,Larn,554-654-1182,48014
511009464,Margy,Norker,239-963-6814,96482
958915878,Meryl,Zorzetti,297-181-0851,67960
191042409,Bailey,Asquith,365-931-1668,61033
646705798,Hildegaard,Ganny,228-658-6396,87456
969174273,Lemuel,Oughtright,918-591-7219,58374
291285237,Koo,Golley,631-559-1340,49360
372889490,Farrell,Tutill,281-670-0112,16833
650278722,Zaneta,Exroll,674-434-5941,89970
452149422,Rosco,O'Keaveny,748-870-7532,53479
384936340,Alisun,Doniso,228-558-9299,36937
397374856,Reid,Philson,810-961-4771,27182
498562736,Shelby,Job,611-801-8688,36087
425324585,Egor,Sisse,287-705-5516,41466
410806769,Jonis,McGrath,284-699-9351,32506
796418068,Timmi,Lademann,593-897-7256,51411
348335479,Tim,Eastbury,533-634-2009,14828
36639767,Phedra,Niccolls,708-351-2023,14459
252916150,Oliviero,Devons,652-557-7557,60640
625565488,Leena,Prandin,295-626-3274,95427
979824245,Meggy,Skillen,436-306-4220,93695
195466228,Reginauld,Stepney,834-479-0956,85811
275999006,Jock,Ramble,746-683-0656,91262
282738587,Jorey,Ledgard,200-805-3048,62246
672292131,Raynor,Poser,826-102-7160,28952
791861596,Olwen,Figiovanni,950-977-0713,62115
266455852,Scottie,Harlin,665-484-1693,37817
454526167,Abba,Elks,933-892-3449,00149
510793459,Daile,Eldrett,825-833-9737,72010
316109471,Inna,Pesterfield,636-270-1270,78502
605070887,Brittaney,Coolahan,550-722-5180,11314
443953141,Evaleen,Arnaudon,107-108-7266,73866
491748097,Justine,Cush,231-642-6919,90745
103820939,Niels,Tumelty,738-962-1394,38749
565437581,Pebrook,Dines,352-148-9218,30624
560250371,Mariellen,Faill,582-400-7009,15598
794562734,Napoleon,Gallichan,690-765-2378,18264
627074711,Rianon,Applin,658-784-3485,41230
434213558,Phip,Dobbs,466-233-2483,94256
251320838,Hattie,Lufkin,240-155-1622,96549
158011562,Meggi,Strognell,816-129-2091,25465
684491974,Cheslie,Tordoff,801-246-8711,81600
273980155,Jacquie,Crayke,563-741-4930,49590
297019596,Ephraim,Munns,411-306-0390,81741
491404055,Shirley,Grinikhin,270-182-3611,44424
989623269,Johnny,Tight,224-644-7642,53841
973093652,Arturo,Etchells,459-447-4196,23607
326243749,Ancell,Balas,886-791-2062,15166
968445241,Niven,Frostick,263-685-5457,77291
727426208,Lynelle,Fellenor,797-991-4579,65607
153760926,Myrah,Earp,957-333-8533,80385
735130997,Jessi,Melluish,457-752-3657,64487
631124025,Shaun,Filippozzi,450-117-6964,57572
262305060,Grenville,McIlwraith,761-318-7209,52413
457261793,Trevor,Kunze,998-775-4975,93222
263098272,Culver,Firks,790-775-4853,25705
848360444,Idalia,Baribal,268-558-3993,66467
950747566,Nannette,Culwen,145-309-4983,27199
818253844,Collette,Toolan,907-186-7451,24844
452771414,Baron,Trickey,571-887-6628,88672
762122865,Dun,MacGarrity,452-193-1395,48899
117896298,Perren,Osbourne,841-971-0901,27571
662508701,Davidson,Plenty,410-340-8200,80482
578775857,Billie,Rigby,156-965-1372,88478
351823102,Guillema,Swetmore,277-537-1234,37049
264786699,Sherwin,Jerrolt,297-477-6203,47723
250239474,Melosa,Tregensoe,165-224-1052,07252
767893852,Marvin,Ashborn,140-573-0206,05373
724682094,Adria,MacGall,356-119-8289,40668
303936143,Quintina,Fawdrie,290-231-0413,14717
316029782,Reeta,Fehner,607-265-8586,82598
502836559,Emili,Caskey,395-115-5347,58117
120659878,Trudi,Joderli,418-483-2013,16234
288983289,Rodolph,Feavers,149-131-1028,75358
455705057,Efren,Simonazzi,183-891-0534,16511
646197685,Lona,Demcak,777-368-6591,31544
678847421,Lucina,Washington,430-829-9005,12806
353457164,Ingar,Rickersy,688-150-2035,78060
254789599,Estel,De Matteis,475-890-1253,61827
269348398,Umberto,Llop,805-827-9185,36456
281895850,Tammi,Benedek,490-115-6370,93570
290039867,Ambrosius,Comiskey,408-978-6751,66986
320067392,Teirtza,Illem,879-735-6146,12105
987940103,Alberta,Gabitis,457-889-6941,64565
48629856,Cole,Chantillon,612-746-8534,23808
558619479,Puff,Tirkin,541-839-2321,33384
677164210,Lucais,Minney,712-717-2774,14855
961968822,Neilla,Howley,395-404-8432,45851
497662026,Annalee,Jeffs,375-970-9486,10524
754532901,Lemar,Chatain,984-864-8512,30124
416415481,Gwenni,Ashling,752-717-3269,76763
917568682,Sheila-kathryn,Dufoure,150-661-2965,27110
147436143,Naomi,Ratley,127-148-7156,56814
731990807,Haily,Rattery,855-599-5643,38535
78290754,Ashely,Quaife,750-243-2957,26854
68935519,Emili,Legh,432-480-3153,69252
270206777,Loria,Fortescue,599-950-1408,62443
886298799,Sidonia,Fitzsimons,932-540-7009,54474
537353971,Farrand,Kineton,895-149-6316,48032
605787062,Jacob,Rime,936-397-4546,40770
48889446,Fairleigh,Brookfield,864-815-5747,50909
256957550,Letti,Ropp,690-872-7776,58917
764130356,Valentino,Southard,679-842-8198,84573
477966420,Noll,Goosey,645-730-3008,73645
515420780,Theobald,Domelaw,220-133-9447,36784
177144597,Valeda,Markham,832-948-0882,74955
220767596,Charil,Goddert.sf,357-685-3593,53076
93200454,Christye,Foulds,961-624-9411,60844
721506696,Merle,Pummery,396-624-1255,35633
95160288,Bent,Yurevich,624-244-6807,37774
852291133,Allard,Elston,512-198-5561,25371
52798183,Gertrude,Causey,958-503-5390,82897
248543101,Fin,Brough,283-311-5496,10842
834185361,Julieta,Romaint,648-925-1118,78108
83857247,Tessi,Dearness,859-177-3509,55534
159715817,Jarib,Willwood,422-547-8895,94156
790289455,Georgie,Sweeting,103-467-6455,46867
533857757,Fonz,MacIver,271-782-2532,73865
102891735,Debbi,Tetsall,877-541-4167,27812
189509315,Steve,Defries,918-919-9897,27412
777666471,Boyd,Ast,521-813-9194,94154
120765029,Abbe,Hendrickson,329-135-1350,41350
325925804,Finley,Pittham,763-674-8595,26881
601228657,Hernando,Marrion,359-457-6155,07349
506431182,Sheilah,Grafhom,196-661-9845,43009
454232859,Prudy,Clair,253-779-3410,42319
588400392,Peta,Willock,685-393-2006,65414
830178016,Boonie,Coldman,563-838-2790,76183
676399782,Agnella,Rodder,837-853-8567,81351
720762480,Gisela,Chazelle,514-271-3589,51099
398134177,Avivah,Adriaan,120-251-3610,45317
54962924,Retha,McCuaig,772-719-6874,78625
878180163,Claudie,McGaw,154-384-1398,88778
256399714,Torre,Guiducci,510-670-9657,17477
724326080,Malinda,Arson,627-762-4641,11917
762323383,Lilith,Rosenfelder,720-145-8046,01411
71360113,Penelopa,Krelle,944-585-0456,98036
995950397,Annabelle,Wittering,412-256-8945,28335
484962060,Dexter,Budnik,923-963-7485,01664
977484807,Chiarra,Haskayne,605-140-5429,48656
969171457,Ave,Drust,763-132-8744,98139
309177026,Mara,Bollen,590-968-9739,04890
523490739,Elroy,Bourget,695-511-0949,34246
563344039,Phaidra,Mavin,125-459-9065,14558
673179407,Ilyse,FitzGibbon,854-937-7329,75585
560800442,Romain,Nutten,728-483-9954,75173
956130202,Risa,Tranmer,108-830-9733,77152
399975650,Stacia,Goggey,374-473-3581,53096
630540253,Bev,Ventham,223-522-9031,75861
945638121,Boyd,Ferry,114-592-6680,89025
732895849,Golda,Anespie,391-121-4334,88449
571331910,Stella,Balkwill,291-427-1405,68908
637619479,Austine,Arnaldo,278-450-8052,55247
105383099,Ivor,Keedy,587-615-1368,51789
629214736,Maisey,MacSweeney,432-446-6983,75537
415114564,Jessica,Deviney,276-378-3011,44681
116751453,Darn,Starling,215-415-2800,74435
924506625,Eleni,Greet,692-430-8031,41981
604854462,Clint,Mounch,633-771-2281,26362
212248039,Tammara,Kobus,223-706-1149,02473
401911095,Danni,Coddrington,220-618-3749,94870
614150741,Tresa,Denis,790-274-3477,85962
664863057,Rutger,Sherewood,521-442-9437,20868
408728062,Mavra,Elleray,995-503-2856,57118
827485113,Duke,Crewdson,134-213-0762,16567
940434111,Addie,Pitcher,543-578-9689,57507
429710231,Charlot,Casillas,452-486-1739,79170
966213559,Jewel,Clothier,345-420-0021,62664
685971668,Meriel,Aim,422-353-8766,29516
484957058,Tybi,Carabine,376-158-8350,60859
406586980,Joachim,Raulstone,912-814-2975,37811
478823934,Eldin,Davidov,581-583-9381,76102
75274701,Killian,Lutzmann,492-888-1723,24554
7611223,Wyn,Chardin,589-448-2513,54393
323994824,Ellis,Dable,605-325-8219,43987
796978319,Heida,Pettwood,712-289-5641,95937
491548716,Waverly,Sellers,328-564-1309,92186
944883125,Jennilee,Taynton,713-184-6869,90828
338679349,Greggory,Sylett,942-635-2952,72409
236578520,Misti,Reboulet,339-494-3234,48005
276425571,Izaak,Blackater,701-117-2963,89667
260709922,Edin,D'Orsay,333-881-8451,49843
669092693,Kari,Gallimore,882-854-4040,26293
589883717,Ozzy,Benoey,437-520-7658,61502
563850309,Ky,Rawstorn,511-785-5173,09608
31662405,Calida,Giovanetti,452-363-8637,44458
885610183,Findley,Bettanay,986-884-7191,71578
351616627,Baudoin,Jostan,593-418-3440,91946
767915561,Rodney,Greener,297-376-0590,27558
981731162,Carrie,Wingrove,148-250-8540,57791
948331578,Sergeant,Thebeau,160-625-0278,62832
271994382,Alvin,Merwood,818-997-3322,15430
184614585,Horace,Grima,521-331-9875,60516
29351512,Giulia,Marsters,682-206-5756,13420
181278948,Reinald,Mc Andrew,434-557-6785,26860
886101710,Livy,Heliot,741-301-1891,86682
235637368,Catherina,Clair,770-868-1674,96349
129718459,Cecilla,Djurevic,383-701-5952,26871
1318589,Hedy,Mosedill,759-694-5841,63174
82726327,Stephani,Dagnan,511-718-2882,38563
634297699,Fayth,Lount,585-743-8863,64444
320763954,Pippy,Illwell,371-667-8110,79586
316509877,Adelina,Crinion,989-412-5869,96237
365123118,Millard,Begbie,964-697-0206,42601
522815774,Dicky,Brecher,631-911-0454,99653
584356063,Kalinda,Brinsden,414-171-7434,35609
320412580,Angelo,Andrin,400-796-5150,06278
647987674,Renata,Geillier,210-604-2065,00750
359992481,Kenon,Odney,193-626-6136,34201
312182808,David,Birt,146-583-6166,35011
29148398,Dorelia,Walter,859-952-9425,19815
440520247,Ferdinande,Oliffe,661-832-2810,82485
503611751,Mala,McBlain,456-212-9698,31948
631556122,Giusto,Magor,522-924-6705,16716
321046457,Willyt,Karlqvist,622-569-1125,64642
523788257,Galvan,Lawling,979-661-0931,80104
483933956,Darren,Mattiazzi,624-773-1283,64998
662800320,Dalton,Newsham,515-271-3490,11375
705918990,Laurens,Eteen,210-341-5763,68021
830729827,Alexandros,Worley,202-939-0601,01340
239792665,Danice,Gourlay,789-380-8147,43819
301098231,Catlin,Gillison,304-958-2166,01396
873523688,Tarah,Aitken,256-688-1491,89946
232986373,Orran,Lainton,507-155-0095,51416
208926740,Kassie,Hadgkiss,934-382-5894,46465
754927059,Daryl,Nathan,967-177-1575,22073
385139046,Wood,Nice,540-109-3122,06245
199028700,Hillary,Jarrett,944-332-9170,17068
367296024,Daniel,Renyard,181-774-2257,16470
364637863,Judas,Giuron,385-805-9388,35913
994191941,Hall,Castagnet,968-863-6390,07972
851678274,Moyna,Culleton,178-654-4535,65882
131972700,Che,Housden,347-732-7045,02984
245965063,Maggy,Rime,429-471-6864,87559
145303760,Janela,Eyre,347-585-5443,43212
944664825,Quincey,Absolom,519-409-0104,83213
961676191,Lucien,Haskins,701-483-4266,44882
264918397,Martita,Handley,553-768-9897,00050
695811601,Clarine,Maddaford,545-776-1133,35719
658839364,Rubin,Rogliero,364-451-0726,33775
40689201,Marshall,Fallowes,364-338-9475,97687
611217353,Kaye,Ziem,623-482-8550,87838
436419950,Corbet,Blakebrough,806-505-8278,47839
399588157,Carla,McGilben,539-137-4127,21848
256678902,Duane,Devil,589-848-9581,72268
439785299,Margarita,Seid,130-745-3502,95400
51986216,Catlaina,Smeath,511-706-8857,71630
119304352,Alfonse,Colegate,740-148-3126,89697
235132438,Jodi,Blesdill,419-674-9931,46923
653484857,Noland,Paddy,199-374-5393,63628
48156025,Brigg,Meach,519-524-4487,60411
51259587,Vickie,Hovenden,158-187-9335,48104
343062344,Lenna,Gershom,762-738-2005,35361
104614512,Conny,Shark,441-735-3916,70500
811963473,Micheline,Tarn,492-566-3724,34602
805916862,Halsy,Haxby,316-354-7225,84594
75098009,Violante,Belbin,413-607-0007,70169
19224440,Ram,Dulwich,446-495-3771,44747
954908799,Benedikt,Airds,898-422-3026,05127
699375490,Shanie,Rubinshtein,492-267-1696,63233
135966803,Nestor,Ford,756-300-0090,97078
144530622,Mellisent,Ferrai,651-673-5895,77042
75332902,Tracie,Jeandillou,445-319-7902,45838
617027978,Tabby,Peschka,384-279-0831,44500
654669738,Mic,Ridge,637-488-7885,45325
582697137,Lalo,Ughelli,732-919-4940,10849
952241063,Hilliary,Simmonds,455-534-8211,95919
161238259,Sanson,Norheny,455-980-7664,38165
728898239,Holli,Clendinning,628-937-1196,70670
651266013,Fabiano,Eveling,335-421-9162,04770
683660953,Jonis,Chasney,685-498-1970,79434
925594582,Siusan,Whitehall,211-703-5698,90045
462866727,Karoly,Keniwell,738-300-9779,16377
977115838,Briant,Mealham,807-210-7544,52430
783657761,Adam,Johantges,907-403-1921,81733
157124583,Roosevelt,Sancraft,198-365-1811,32919
895152183,Lynnell,Cardus,550-213-7425,87101
758123676,Meridith,Pattie,573-671-5666,81642
371959453,Con,Marrett,896-730-7733,74320
393211634,Jacquelynn,Demangeot,491-705-5440,15252
885381480,Nealon,Innman,151-482-7383,13873
266060634,Hans,Tonnesen,300-768-5066,36732
337469789,Marya,Nealand,221-551-6840,09224
204547025,Staford,Crolly,303-737-5981,08594
370058723,Homer,Hayes,401-766-5201,54454
428855412,Patrick,Pine,248-550-9164,13044
719927297,Shelby,Limbert,967-199-1062,97256
271629369,Sigmund,Oldman,908-870-7606,21574
416258111,Cary,Streatfield,534-394-8285,25929
160928250,Noel,Whithalgh,309-970-8122,45485
311878721,Pavia,Fernando,978-738-4936,81983
420667104,Ferdinanda,Gladbach,680-607-7495,40421
574160198,Hervey,McBeath,199-393-9277,75528
7637888,Janel,Della,260-693-9037,23696
120784106,Lind,Brine,985-311-5264,78686
932658722,Susy,Stoute,776-329-4115,93366
614140679,Kristal,Mathan,586-640-4902,79071
861694141,Bari,Stanislaw,198-640-7433,66939
643568623,Darryl,Wickie,739-546-7875,10660
220470040,Con,Bleakman,473-635-2784,62736
130595066,Gayler,Walstow,388-746-3514,37302
391809055,Isahella,Bracchi,330-846-4541,21585
448229932,Eddi,Skarman,234-221-5961,58009
278190259,Theressa,Lammerts,781-874-0228,95384
39404276,Gerardo,Carcas,475-508-3379,78150
950912477,Gale,Wiburn,855-480-2321,49628
216624276,Gerhardine,Crowcroft,385-101-8422,39812
316559115,Jojo,Blankau,633-145-8103,33935
533101215,Marleah,Van der Baaren,190-295-0700,12940
396683452,Norina,Praundl,686-440-0467,65853
971242502,Demetria,Soda,475-565-6229,77790
226748639,Mitchel,Kighly,284-469-1271,96627
186127423,Maybelle,Perico,785-268-7100,08741
744113083,Kristos,Foley,636-640-4734,69866
223840340,Jeremie,Whittlesea,478-871-3358,11594
358808725,Gunar,Alderwick,447-363-2336,40758
116556123,Wallie,Charlick,750-592-8846,68373
69805396,Virginie,Sakins,831-983-1843,14982
696212058,Kiele,Mac Giany,682-442-4924,61792
754081554,Addia,Driver,416-209-0633,27942
159288937,Marnia,Shrieve,145-959-3305,05878
240185478,Orrin,Spowart,716-811-2163,66626
777531034,Sadie,Pochon,370-304-3371,55615
401453910,Ashlen,Wolfinger,145-203-4001,33699
324374313,Darren,Oliver-Paull,300-859-3880,64097
702335586,Clari,McCane,977-364-3267,11772
51375486,Carmine,Lammin,906-799-8587,78683
624950301,Yehudit,Calles,324-671-6604,63650
731586585,Haroun,Hugnot,837-498-8421,51585
816895966,Rhoda,Brassill,217-475-5173,80072
606206291,Simeon,Bolte,396-354-4276,71937
236305360,Haleigh,Winscom,660-719-8678,44679
423970262,Katee,Abramovitch,671-965-7501,50508
544657882,Trey,Bee,109-695-3830,13092
377675567,Buddy,Wollrauch,856-397-7007,29452
844037393,Maximilian,Waterman,344-741-2431,31967
58377538,Ashia,Brunsdon,898-561-6020,53879
353534950,Fergus,Nary,526-985-9356,05519
717935012,Clayborn,Weippert,196-864-2471,60857
460689155,Rustin,Cawdery,745-539-8547,88543
204871125,Karee,Matteau,897-975-2478,82803
400784468,Katerina,Cowan,929-400-6076,96582
687084573,Billye,Goodisson,143-538-6973,94404
386233896,Barris,Disbrow,191-847-4074,31554
146001764,Frasco,Milton-White,842-585-8184,71104
865619071,Malynda,Ingraham,379-459-0239,74554
393253949,Darryl,Bassam,970-975-7192,38458
47988523,Ulric,McGennis,884-811-9046,34858
972336296,Ari,Kinghorn,533-286-6084,52303
864285533,Ariana,Iglesia,175-907-4138,90082
96089641,Blake,Pearcehouse,840-103-4924,96186
604661820,Jeff,Lind,291-900-6757,74518
969959695,Quintilla,Adamczyk,563-195-8509,36193
976695730,Cindee,Sneezem,608-930-7972,99556
673861904,Harley,Clinton,774-580-9197,76586
847728775,Rachelle,Call,775-603-3646,33731
761190264,Kanya,Govini,858-626-9793,25948
112936862,Lancelot,Minear,495-599-2623,15374
568087678,Moyna,Ayce,768-885-3618,84176
305062534,Kelsey,Bernasek,478-599-6051,69814
931123794,Mozelle,Sanpher,835-120-2995,67273
376690460,Marleah,Chicchelli,303-599-7285,25503
572881013,Dyana,Teodorski,926-715-1115,12907
724169472,Felicio,Kinkade,831-463-7404,91370
679906405,Sela,Keasley,253-145-9241,55019
371008910,Gabbie,Bonney,414-916-5589,11941
173955839,Denni,Bletsor,274-837-8673,10978
656958707,Patrice,Wallett,256-492-4083,19890
260371853,Neel,Rylett,894-632-0225,97940
306886371,Ali,Denizet,104-344-9973,67200
103478442,Brendin,Beine,170-512-3137,11928
684807629,Tandi,Stockill,205-825-9987,71847
870188525,Martyn,Drought,349-176-5609,61458
964956772,Katy,Oehme,916-490-4573,33144
511573667,Valina,Huckster,212-775-9716,22064
366601849,Indira,Timlett,623-399-1052,86213
303587227,Florida,Bellworthy,983-193-3477,12606
30685244,Faulkner,Balf,299-643-6235,95638
612629759,Chilton,Goodlatt,328-604-3801,58412
151858926,Alon,Press,240-996-6853,72228
53234692,Lamar,Seaman,915-569-6579,24150
647584179,Jobey,Bartozzi,357-868-4505,06000
464619393,Issi,Pepperell,224-245-5467,32903
429181542,Moina,Jancar,785-971-1137,90109
502531746,Silvio,Keatley,266-792-0158,49324
399202478,Malissia,Carlton,822-289-1010,43012
523778068,Millicent,Riccio,410-722-4084,04696
33173752,Adina,Mulholland,937-537-4404,79012
876789077,Teddie,Norewood,603-377-1483,69714
696086307,Yelena,Blaxland,245-862-0363,73038
779194191,Stephie,Handrick,429-748-9229,38450
245183188,Lenore,Kilban,449-258-0804,78553
287025450,Mohandas,De Gouy,936-157-6983,59402
893706131,Milo,McAlinden,828-393-3337,29965
221751947,Clari,Heathfield,730-592-9993,36273
703089636,Shellysheldon,Bate,771-726-2747,53563
180690768,Renie,Zucker,602-332-9003,54728
899743292,Oberon,Papen,572-752-9640,78987
610813359,Kalinda,Izakof,951-805-6063,69333
167540176,Dev,Kidston,409-863-7059,93603
48230487,Reece,Fassmann,772-571-7923,21045
509484755,Orv,Pedersen,331-435-1068,77584
501569383,Sofia,Redparth,462-541-0683,61175
728706292,Sheela,Coulthard,527-460-3063,48193
277833459,Willamina,Kline,342-718-3033,58665
218067837,Hertha,Pottage,244-917-3334,09446
102240163,Penelope,Cazereau,483-684-2713,35521
624625608,Ailyn,Munkton,628-882-5846,48466
833792880,Wileen,Trammel,305-845-5047,39923
17266212,Silvia,Cornborough,244-112-2498,63041
408364338,Mitchel,Wallman,883-990-2920,00369
395159167,Hollis,Bloschke,790-145-5438,19602
729500690,Inness,MacGiolla,832-490-4137,92982
561786729,Thekla,Ranscomb,185-712-5814,12858
873713570,Amii,Huntress,695-442-2455,39244
324273655,Larissa,Scrane,593-893-1160,11087
893513467,Liv,Queen,300-500-0288,71795
928133812,Rafaelita,Mill,215-748-5655,18196
274146429,Sid,Mee,283-674-4865,96978
130276836,Slade,Thurske,421-222-0251,80677
171996606,Prentiss,Follin,184-856-0734,96991
333374072,Jareb,Paszak,362-430-6172,29936
251035963,Georgy,Caudrey,507-604-8797,62563
305656126,Elly,Fader,945-824-0981,74880
516555850,Rory,Seamarke,119-940-3634,71640
59392414,Nadine,Seaborne,606-803-7060,41355
862804889,Karla,Goskar,683-869-9725,46955
810358032,Ofella,Brody,906-874-4300,70725
158256258,Mabel,Gustus,971-899-5039,25525
346452369,Clarissa,Salvati,791-570-8819,53281
666400764,Ashley,Durkin,474-958-4641,64980
954194622,Brinn,Minshall,884-804-6556,91597
379941328,Kiley,Patnelli,839-567-4347,69389
431705838,Paten,Grzeskowski,957-239-0340,04445
849433596,Emera,Crabb,927-360-1876,30769
977272918,Waylan,Impett,449-673-7056,92029
594821492,Vin,Tull,108-150-2132,38478
132476083,Alfie,Prosch,683-589-1633,16917
133560967,Micky,Galiero,952-860-2544,49230
689123277,Harrie,Gotthard.sf,872-477-8118,81205
921016481,Banky,Narey,443-446-3108,86830
554617320,Luisa,Shearsby,662-394-7808,97330
847412089,Nanete,Garroch,674-470-0189,74484
820711629,Collete,Staves,817-757-0171,86507
403804815,Adela,Copestick,344-833-0034,33963
676477739,Whit,Slorach,847-859-9143,83851
211563461,Menard,Bickardike,225-801-5431,65934
177939380,Roy,McElhinney,998-201-0644,53171
907899053,Burke,Veld,802-942-8715,86135
838533696,Kleon,Greatorex,204-466-6015,90452
78791075,Ninnette,Aronsohn,894-101-5590,22244
63465456,Emmett,Simnor,512-329-0622,71015
859981199,Katinka,Breakspear,745-639-9115,55653
601949092,Putnem,Gorick,548-327-1704,29493
493244774,Rasia,Haggar,309-612-7647,84597
926145849,Nanice,Smedmoor,885-606-4884,78614
158809134,Cecily,Jouanot,287-709-9275,02258
975639498,Fanny,Lowman,206-509-5069,54760
64363725,Elfie,Lievesley,650-769-2278,74309
654610679,Anette,Standley,651-719-2462,03383
678029779,Toma,Dymock,355-106-2756,50854
364729207,Melessa,Galsworthy,458-805-7396,55234
118187138,Celene,Mettetal,898-833-3359,38625
594380618,Leeland,Deavall,720-139-9963,24478
916816529,Bartolemo,Milverton,693-201-2536,60934
891330154,Omero,Simo,486-865-1765,50541
284513440,Izabel,Poltun,909-816-9035,85472
555531748,Loy,Klimkovich,630-165-1396,31151
573611187,Hamil,O' Clovan,532-969-8270,51255
65616768,Arthur,Nugent,979-643-8165,07899
8137264,Tobias,Croshaw,636-884-2569,66233
405830989,Clay,Hanks,598-687-4396,03269
696345819,Sara-ann,Shoebottom,613-713-2135,26018
318357234,Gus,Yakolev,820-279-5162,16265
103065259,Mora,Tarbin,631-499-9709,37228
225814502,Karlyn,Van der Daal,363-988-4430,18632
246754834,Devan,McSweeney,871-194-6096,63126
567820477,Hildegaard,Marriner,759-507-7141,22457
616943946,Rocky,Denness,286-731-6871,07728
236618843,Elbertina,Bjerkan,503-233-9687,09613
970489763,Paquito,Hadgkiss,668-850-0767,78151
690229105,Daria,Cothey,802-416-1297,50519
391536521,Sidney,Brearty,700-191-4204,02819
904198691,Payton,Cafferty,425-723-8045,51470
779960724,Whitman,Goseling,686-358-9254,25928
646778594,Gladi,Caress,115-999-1382,72202
29534848,Mabelle,Lenz,900-174-3371,80446
836003055,Olin,Sedman,351-877-5356,94261
246868314,Hilda,Treacher,271-467-4547,44083
809496335,Eugene,Bruggen,938-406-5402,53843
375711056,Bartholomeo,Nazareth,253-504-1345,19297
306220033,Jayne,Olphert,360-394-6796,21194
49746388,Zechariah,Pedrozzi,253-195-3832,47272
82360373,Matt,Durrans,458-921-7791,08717
134563560,Janene,Kahan,164-317-9911,06526
570409387,Dorey,MacDunleavy,495-291-3483,06389
750034237,Sloane,Dolden,701-425-6043,20722
504052996,Clim,Jammes,836-307-1819,56842
733391280,Nolly,Ferrarini,503-292-8342,64301
162789665,Adelheid,Cayle,880-387-6459,40610
926205805,Monroe,Bellhanger,317-384-8349,89271
374102281,Leelah,Weiner,459-868-6741,71706
416392404,Jeremias,Farnan,190-965-4865,02628
774790525,Sada,Kubasiewicz,453-789-5826,22615
684502544,Hali,Smallman,407-299-9726,40725
137376575,Broderic,Scrafton,776-894-2840,38550
30748059,Aurthur,Cutford,798-821-6161,76775
992452764,Ofelia,Kerss,897-147-5940,59986
358890193,Serene,Sollars,210-239-2517,33430
130245473,Vale,Breedy,808-343-3267,40154
927025103,Margarita,Lovick,718-205-1894,64611
43907291,Olvan,Darth,226-100-8091,88116
900130040,Brinna,Leteurtre,621-956-3071,59941
451008104,Aundrea,Jellman,720-197-6060,39102
928227190,Xylia,Waldocke,927-505-6364,02276
334318708,Raphaela,Orys,433-723-8645,65436
998972632,Willette,Crassweller,357-355-0948,44192
475183464,Moise,Yurtsev,620-982-9941,54405
725905515,Vikky,Braley,525-441-2396,56981
259765636,Jemimah,Edwin,515-508-8484,42109
856713649,Jim,Rimbault,585-279-1144,77930
372945589,Bondy,Mackison,145-194-8198,43972
161736975,Calida,Vearncombe,572-833-0830,50736
86946437,Abey,Glantz,768-398-9603,96861
212884204,Renie,Kersaw,590-850-9663,20505
93715532,Barbe,Hallums,388-780-4103,73103
120870821,Caroline,Barthropp,865-833-1730,56525
214612941,Britni,cornhill,408-793-3830,53329
723093890,Cherie,Ocklin,576-706-6076,87224
713498297,Lianna,Ernshaw,908-136-1514,53235
404626406,Mack,Burnell,679-226-8608,99198
608617437,Willem,Scotting,665-389-5169,08995
496169053,Allayne,Allam,935-945-2805,75504
546807206,Bernadene,Lampbrecht,203-305-2157,44772
987958880,Debbie,Brockie,757-442-9341,32725
953823864,Thedric,Eastop,215-203-6679,67336
407326432,Ivan,Nelane,371-329-1509,63211
537576127,Cheslie,Eeles,344-715-4091,80563
727522701,Vivie,Hillock,159-965-5450,48574
257273904,Twila,Jerke,148-214-9205,37890
645564931,Skipp,Gislebert,612-432-0885,65270
491022480,Cherida,Earl,353-882-3597,66158
60822957,Lennard,Boustred,543-553-8270,92230
734797544,Serene,Steedman,301-164-1335,62903
484491639,Ted,Meriot,124-938-1779,50194
960178748,Lacy,Sorey,834-706-4370,98697
201497879,Riccardo,Gabriely,583-844-6512,77760
246808903,Doralynn,Mirrlees,800-139-3776,30144
570194745,Alic,O'Towey,700-364-6816,54162
644910931,Rodd,Chancelier,199-537-1285,66187
594702585,Devora,Paszak,494-992-0829,24540
989940663,Isaiah,Coulthurst,916-995-7877,22654
204825746,Brade,Lauret,292-837-2689,38703
482175703,Dani,Walch,421-578-1151,65069
537032118,Brennan,Kauscher,276-987-6095,39990
233112949,Effie,Shrieve,311-276-3651,12818
57223786,April,Rannells,867-379-5110,10455
271540700,Leona,De la Feld,321-679-5128,15919
464817739,Petronilla,Telford,857-828-4667,78600
133597387,Noami,Wace,532-242-3326,24007
981754295,Ardine,Stitson,759-420-0677,40416
304556648,Tiffi,Girardetti,378-165-5152,91042
595091175,Theodosia,Killock,197-143-1314,97944
542202169,Gui,Gibbens,926-332-2061,53704
200787755,Ray,Fryer,507-938-2121,07360
887421069,Charline,Christall,130-481-6938,06025
864916169,Teador,Veeler,977-822-5130,41921
283120277,Pat,Daniel,640-306-5171,20832
504781726,Monique,Blackleech,626-192-4417,36092
730906086,Karlis,Veldens,474-160-0085,85953
112049150,Frants,Cleevely,959-265-5833,24818
524099918,Levin,Slay,134-349-1431,10270
925555058,Moria,Fennelow,338-398-8754,89516
104833982,Langsdon,Blakeway,507-189-2705,20199
999777433,Jacklin,Frostdicke,533-395-2566,29087
525010590,Wynn,Owtram,505-951-3403,49434
864192076,Scotti,Linebarger,792-234-9933,47203
859799063,Fernando,Lyddyard,639-415-0078,43282
287303120,Guglielmo,Sharer,850-813-4011,18722
3593165,Ezra,Aylin,648-320-4380,31881
315493568,Emma,Bisiker,242-713-4425,31477
301129891,Keely,Piercy,613-462-9760,39239
536384252,Hyacintha,Jancik,860-127-8166,32196
527979173,Zeb,Kempshall,677-938-7847,51254
31119175,Amaleta,Dranfield,356-222-9908,83409
749689581,Dannie,Snaddin,573-744-7459,72255
762271616,Blaine,Oxenden,134-532-6560,57409
167228202,Anjanette,Blues,565-899-5060,63897
577215576,Nancey,Frood,487-109-8144,21570
515478845,Tucker,Ayllett,490-201-6832,23956
187960160,Donielle,Neiland,937-779-9700,54242
101557984,Zared,Goadbie,899-822-3026,32460
601725469,Sianna,Bernet,196-385-7850,29146
513477980,Haroun,Rubinlicht,884-688-1309,71899
359259818,Deanne,Songest,502-588-5676,86594
572686037,Carri,Border,614-153-1836,61400
877016336,Briney,Virr,566-733-4280,32618
265529120,Arlinda,Welsby,850-696-0795,27626
980805043,Audra,Holtum,708-457-9512,86095
160058355,Heddi,Pooke,392-402-5673,04332
403892051,Truman,Grut,684-703-5782,06282
329932745,Britta,Ellum,793-930-6991,74383
756801133,Indira,Noore,212-134-6574,00957
308528096,Lorin,Boustred,536-508-7545,28537
70580202,Judah,Jacquot,326-574-6411,26324
170426378,Huey,Barrington,272-805-5928,55157
982100589,Ruby,Dedenham,534-208-4968,78635
962154406,Zabrina,Easson,165-499-5449,85128
598917534,Cary,Serginson,985-795-2162,39118
757918105,Hollis,Warr,507-752-2065,92498
492085346,Griswold,Solon,419-704-6494,17640
584278958,Agustin,Dumbare,574-847-2226,55577
924967045,Ripley,Chadwen,977-481-3678,62524
193691560,Haleigh,McKerlie,338-878-8910,42878
567677859,Ulberto,Blazi,954-857-0422,38288
861092528,Alix,Backwell,682-853-8644,85799
938841523,Bartolomeo,Dinnington,502-571-9858,49247
235692558,Sonja,Rosterne,985-910-1406,54891
911534163,Flem,McKim,942-171-9414,22563
93469677,Clarisse,Yanov,913-494-7972,91101
928514428,Kevyn,Zuanazzi,708-548-8476,29411
364838855,Marve,Ceaplen,802-992-5733,76909
634138076,Kerwinn,Georges,555-802-6406,82178
828163045,Barnabas,Eldershaw,288-136-4294,73433
115535935,Tito,Whaites,378-218-5797,91485
474016075,Bobbye,Ox,754-246-1292,75150
720915934,Konstanze,Child,668-292-9022,73465
798537980,Darrell,Tuftin,196-274-7395,58978
306553847,Bronny,Adam,755-619-3828,59370
953957466,Gabey,Klebes,770-236-8439,43774
391743548,Ive,Dowyer,908-924-5231,52673
115441706,Sven,Tockell,270-486-4594,94446
941709010,Ysabel,Fobidge,520-273-4772,23910
260167407,Shaylynn,McNysche,312-396-1844,50027
336193684,Lily,Snartt,148-854-8078,67726
980437090,Griffy,Vesty,694-912-7740,93372
128074532,Ysabel,Blow,781-972-0859,60145
273924721,Tarrance,Redgrave,780-315-2071,39504
962217989,Arlee,Kyffin,272-451-1415,74015
896988439,Bar,Bryan,497-358-9006,66978
694522893,Ronda,Kippins,347-710-5389,67682
751451505,Sibeal,Greatham,108-751-6209,17402
989493357,Randie,Haestier,221-776-9128,82522
55611443,Bev,Topp,472-976-1020,91149
656395043,Verla,Laurenson,325-144-5464,49889
722385434,Nicholas,Drinkel,214-395-2959,37784
697639621,Cointon,Cornhill,584-499-5441,80393
949245467,Thornie,Moohan,218-408-8489,86753
919812765,Ari,Lomaz,428-353-6935,55503
415884379,Myrta,Olennikov,625-130-7653,11622
749308215,Rutger,Franzelini,748-584-0841,76607
546538456,Maddy,Bladen,802-919-6277,44247
970835512,Ediva,Warmington,194-542-5314,41134
419977764,Sallee,Stobbart,803-126-2658,05610
577997921,Edouard,Berriball,308-682-2799,62265
147002750,Faunie,Seater,433-964-6941,48230
953153721,Ancell,Dawidowitsch,935-846-0181,09973
880096981,Gerhardine,Hinchcliffe,397-313-8661,43324
136873243,Lise,Lindup,345-632-3904,71587
171736232,Shelly,Bondy,973-445-4284,05330
206056177,Brennan,Offin,769-557-4711,42136
729534583,Janenna,Daville,995-163-3026,24407
845705380,Catherina,Gillie,322-201-2353,13901
334284578,Gabriello,Garmanson,919-445-6221,76170
233226717,Panchito,Cutriss,425-317-7653,84193
626303438,Ravid,Izakof,645-909-1309,71297
897618822,Dinnie,Brundrett,657-345-1419,36537
764891982,Hildagard,Orrice,851-585-4877,10029
660480931,Gretel,Figura,534-540-5877,90173
137248464,Row,Hauck,465-471-4955,49453
442167509,Burty,Mathy,209-967-4456,91751
846841031,Junette,Golthorpp,713-832-8520,19258
252885550,Rania,Burchell,304-132-2697,72685
720154996,Lee,Tibbetts,533-477-2089,88148
677686622,Melva,Dominico,551-245-1226,08456
74401805,Aron,Pittel,910-895-2710,17466
725169067,Marci,Chate,929-101-1108,82953
513378494,Vidovic,Giabuzzi,647-530-9196,53135
954582621,Brody,Weatherhogg,989-191-2705,09099
637201439,Andreas,Ateggart,848-705-0741,88400
48474995,Sheilakathryn,Dowber,330-667-2201,35399
200011412,Olvan,Dowse,835-685-7113,30536
723118802,Danya,Jouaneton,221-941-5152,81277
66430379,Marijo,O'Coskerry,195-805-4146,85406
163902429,Alfredo,Seven,596-479-2727,28491
862332043,Hatty,Sutehall,414-899-4949,58871
32062029,Sam,Renals,855-777-3278,73442
336066360,Kristel,Libbe,482-296-8930,65165
343297534,Barbette,Lang,228-866-1531,53948
883585846,Hedi,Langman,730-773-5276,06847
335773444,Maude,Bobasch,941-652-0213,86328
661460678,Tadeo,Oddy,178-708-4768,20412
524103202,Pall,Portam,679-346-0616,07496
539207867,Arel,Teck,285-129-7803,22541
908576300,Malchy,Muncaster,103-538-1652,88053
134664019,Nettle,Alexandersen,670-552-9537,35319
339321316,Etti,Westcott,545-257-5052,77586
871672647,Emmalynn,Gelderd,545-703-3102,91920
81719660,Spence,Clayhill,907-399-2928,86261
557506768,Nilson,Graddon,839-695-5643,05096
747411844,Suzanne,Tucsell,818-622-1625,53980
736989012,Debbi,Hastin,479-377-6531,68700
754675746,Harley,Rickhuss,906-377-7179,95761
634695531,Tildi,Solano,832-770-5565,61775
643342674,D'arcy,Whelpdale,815-608-4725,09535
949076336,Shadow,Gingell,611-682-1733,40198
238238619,Gifford,Worthing,976-560-2398,43003
475921199,Onida,Terrans,653-175-0659,01617
165638485,Gui,Sjostrom,685-619-6677,77139
829957413,Lindi,Chancellor,818-135-9269,17937
392590212,Titos,Loudian,290-122-9651,11538
598158175,Shir,McCowen,784-991-2865,83937
969033715,Corbie,Saylor,648-995-2009,77616
181129085,Xerxes,Tampion,351-781-7625,98801
213181338,Kerry,Roizin,661-253-1366,07641
55396121,Terry,Laxson,588-832-8337,50793
245051960,Appolonia,Dorn,897-634-1649,39853
443172283,Kahaleel,Pyett,993-932-3147,59635
907351965,Carroll,Cocci,515-984-3117,04170
561232160,Matthias,Cruikshanks,627-870-1971,67272
37571762,Ric,Wear,631-568-7030,07657
147080751,Reynard,Stratz,113-447-0329,46138
602293886,Karel,Baccup,685-189-7917,97780
862277741,Beth,Cordes,455-334-2979,58019
130735972,Camel,Bortoli,586-550-8617,80318
817258513,Essa,Pichmann,306-333-9168,85203
484466165,Mattie,Spelwood,887-510-1534,58237
175399654,Stanley,Houlahan,485-124-0726,89651
298537220,Hoyt,Agutter,849-561-7287,83163
142961876,Kaia,Croll,396-240-9822,20463
374582703,Morey,Bucher,213-693-4548,97023
712557902,Amalea,Paudin,241-195-1989,99134
562491870,Zack,Dumbreck,722-798-3134,80044
191967872,Silvan,Cann,252-211-0179,49417
510358599,Genevra,Euesden,628-557-3199,58254
393593976,Tait,Lawrenceson,636-235-8063,49830
281656117,Melany,Skiplorne,334-500-5201,71268
130940851,Frederick,Scrauniage,425-398-1462,64661
616600706,Laurice,Samways,371-636-0833,58485
700198324,Louisette,Kibbye,624-985-8645,89437
678035261,Maurita,Dymott,763-721-5853,51603
493838852,Suki,Garrique,106-334-3406,45656
896983920,Wendel,Lalley,749-101-3832,05511
302834140,Rosana,Hutton,557-498-1577,74876
264129195,Susette,Blasing,501-377-3498,19391
804129009,Dasi,Sarginson,472-233-2920,74571
392980528,Thornton,McClure,915-304-9129,11487
14953038,Meagan,Miner,302-390-5679,97826
8180630,Kerwinn,Bagg,677-884-5971,93512
771075182,Bennie,Riccardelli,553-624-1332,33842
971380152,Westley,Zellmer,762-292-0280,11274
834547406,Haley,Santus,624-428-2141,21145
203401654,Anabel,Askam,497-849-1058,70392
845011858,Anabel,Gardener,134-322-2710,31416
776773053,Barris,Poynser,994-257-6051,71665
355524056,Oona,Janikowski,485-931-6169,50986
746285909,Pippy,Castagnaro,769-882-1694,54493
965395001,Farlee,Ashborne,977-886-6275,98961
260863661,Hagen,Stapleton,802-186-2581,36662
414649590,Aleta,Wallett,303-346-3941,10609
560092108,Nelia,Drewery,599-940-1730,05032
511959969,Augusta,Bambrick,938-710-6276,05073
798619456,Johna,Dauney,735-922-0906,12808
683428207,Vinita,Sylett,386-868-0798,87036
341111874,Brittney,Cunney,970-178-6514,87302
860561316,Gauthier,Colwell,225-290-6806,36220
588118646,Gunilla,Pescott,892-937-1270,93552
665065699,Garner,Shelford,140-915-3497,12376
952927083,Nancee,Handmore,951-452-0225,18693
373574561,Addia,Allberry,335-659-4613,91931
865858041,Roz,Bugler,390-258-3603,19404
96524598,Antone,Trunkfield,249-592-5938,11698
589618300,Laurene,Enriques,682-408-5504,93498
301561367,Bethina,Kemster,753-854-4939,95759
602936014,Heddi,Swett,624-584-3353,20396
932107925,Stanleigh,Niche,824-594-4358,05009
781014064,Abe,Grimble,638-311-6573,51256
151569775,Barbabra,Spacy,657-273-4289,15791
608965204,Kattie,Wildsmith,123-806-1748,07721
193381268,Mirabelle,Glading,427-661-2269,08179
422587771,Nathan,Nannoni,344-665-2768,63847
865336798,Carmelle,France,305-587-3424,83284
465393436,Gustavus,McAnulty,354-484-7728,53140
606386446,Heddi,Fowlston,182-374-8177,97969
32577453,Neala,Dohms,701-333-2653,08187
716596395,Jennie,Brigstock,416-429-7071,08668
594139861,Gabie,Ballard,134-166-0246,16692
191792155,Johny,Mirralls,330-481-9143,00387
742387076,Chariot,Valasek,373-845-1988,15554
90555189,Rennie,Maddrell,232-738-3353,38619
987521516,Orazio,Catton,576-918-7472,11716
657092308,Eve,Gauden,507-178-5565,14466
881758569,Audre,Tiery,992-546-0075,04396
438528073,Billy,Neville,423-942-8561,58524
956614036,Eustace,Gagen,806-964-9257,50702
405374115,Terri,Handman,666-734-3122,51296
943241472,Lora,Witcherley,433-758-4564,53059
867160033,Davy,Dhenin,751-365-4277,00785
280614723,Simone,Lusted,990-904-2471,91064
267600558,Donnajean,Hartell,817-431-4278,60234
946588395,Ancell,Stookes,864-198-7113,66648
871092249,Marlin,Myall,992-484-3754,12211
837906098,Lucho,Puttan,174-414-6497,52029
156227570,Virgina,Harby,846-417-2106,22797
282001730,Meier,Baskett,700-222-0835,99121
189173639,Bartolomeo,Winks,559-149-6629,25714
129641233,Thurstan,Keattch,823-812-1414,76999
273404049,Shaylah,Pennrington,275-471-9702,77851
601997040,Esdras,Woodwind,876-777-2996,43470
383036126,Laurel,Hagan,240-823-6562,66839
85009839,Forster,Demanche,895-925-7889,90298
884018880,Kennan,Redhills,679-759-5483,97886
500888325,Hillary,Ovett,496-581-7491,71351
934577669,Sollie,Raisher,115-899-2622,41626
163886100,Jobie,Margrem,691-585-6647,60793
714564754,Izak,Robey,435-868-8621,12313
366958564,Ashlee,Sarfatti,341-699-3033,58647
249865227,Townsend,Dairton,675-901-0227,65340
525615108,Ali,D'Almeida,295-594-5937,63108
684792558,Timothea,Mathely,982-780-6045,58737
124356012,Daisi,Shaplin,567-178-1801,02898
142986607,Shantee,Beaudry,308-625-9806,15158
786077099,Carlynne,Lafont,526-503-9035,39864
93586640,Torrie,Dennington,747-786-3212,11336
868638869,Amanda,Starking,955-975-8160,12896
225963386,Dennie,Ludewig,192-796-7914,16751
132454579,Gradey,Stare,357-656-0523,48573
130735436,Gianni,Jiroutek,944-271-0666,70460
682095567,Hilly,Dumbrall,973-550-9887,32614
168359540,Saunder,Gueny,397-518-3980,54972
682392048,Allix,Narup,535-266-8107,87437
846961595,Gavin,Parades,272-276-9812,89965
261782292,Harriott,Bruckstein,432-222-8131,71282
116393953,Val,Yakov,552-928-6071,31693
4265793,Garrek,Wickrath,658-689-3424,52978
8529626,Calla,Talman,980-192-2517,86534
338502537,Gennie,Jaycock,391-994-5569,99322
247398664,Talbert,Aiken,975-381-2232,89835
317908019,Emery,Cottey,426-223-0135,77398
396840119,Irving,Quantick,205-929-7796,48799
14994371,Albrecht,Roycroft,796-335-5902,38772
756892161,Donaugh,Berthod,828-121-8382,46052
304456737,Rhona,Flewan,105-115-5033,07618
154571189,Dolley,Thieme,337-688-2020,04425
565724829,Cara,Parmley,193-170-5214,59684
439937468,Brew,Edison,562-348-5480,48165
407863591,Tam,Randalson,754-616-3354,29300
367300022,Vivia,Cronkshaw,833-320-8035,87268
433691450,Ulberto,Salmen,278-557-0961,86588
620463060,Yelena,Smetoun,170-184-0866,96426
570715762,Jessi,Orrell,402-823-0827,26592
454398442,Alex,Winsley,415-534-0022,87573
909075052,Carmencita,Segges,932-506-5005,96493
802621907,Elvera,Pervew,532-821-0497,37668
539814947,Gerek,Slocomb,219-180-6164,39726
556820938,Melissa,McQuilkin,153-681-8698,50079
764511147,Hyacinth,Buttress,134-286-1759,35018
336298309,Zolly,Galey,790-850-3002,77093
823362934,Derril,Massenhove,960-638-4867,75803
376514459,Homer,Lambden,484-641-8280,11397
66522401,Ted,Very,200-757-2357,64219
265323971,Vivianne,Woodford,364-783-0786,46150
139762612,Phaidra,Dorricott,965-945-8106,45507
837555288,Bessy,Dust,900-243-0752,38692
320816642,Smith,Dendon,620-321-0173,71042
382058317,Cirstoforo,Magowan,919-404-3518,82423
172623648,Trumann,Pfeifer,714-989-0606,40460
414237070,Ailene,Lanfer,190-424-7435,91453
319233704,Delores,Wilse,793-722-2773,18206
903169332,Marcelle,Crighten,685-106-9680,59243
368740487,May,Emsden,618-892-7400,01364
475576901,Morissa,Lundie,685-405-1967,65651
615890147,Carolyn,Tomaskunas,831-601-8168,07328
614166620,Powell,Dametti,708-915-4540,17615
966319251,Auria,Palatini,477-703-3309,54778
601185673,Siusan,Prahm,947-912-3338,71127
554684612,Walther,Easey,911-847-8950,03080
504726060,Brenden,Denslow,626-447-6233,79856
192146072,Kimberlee,Bazell,289-723-4730,17408
740634306,Bennie,Pes,299-128-6114,41176
22835250,Serena,Ploughwright,118-980-5884,55292
771711165,Rhett,Pencott,976-154-2395,77097
628325763,Hy,Fatkin,776-340-0081,53956
537087318,Sam,Kropp,153-882-6260,41971
835063291,Joya,Bartoletti,688-192-4103,29628
189265903,Clement,Locksley,669-807-3862,90228
79956476,Mick,Fernyhough,438-823-0446,66505
16034486,Timmie,Medwell,273-559-5394,96962
139501905,Carlynn,Cronchey,138-788-4299,53871
74226979,Franny,Christauffour,912-852-6368,16728
983497748,Bryan,Mustin,858-885-2269,68904
290808214,Garland,Penddreth,599-213-2974,22115
148588538,Xylia,Silley,340-918-1802,29567
270494863,Kaela,Alvarez,927-858-2834,85571
59238743,Laverna,Fitt,408-322-3615,69933
113455549,Hermy,Dureden,504-843-2455,10811
830290841,Emogene,Guy,905-685-9934,79425
510871760,Jon,Heinecke,347-991-6529,14518
689836461,Keslie,Nozzolinii,218-819-1072,14979
711109747,Orbadiah,Spall,644-149-4609,33509
838014245,Hector,Welden,692-127-7775,96548
308869698,Mollie,Odcroft,993-839-8473,31754
927364969,Reinwald,Jeays,251-435-9895,78930
480637779,Leonard,Kinastan,344-190-4972,54053
137269829,Sayer,Starrs,810-286-1797,25263
909298075,Malynda,Dionis,896-946-0636,29315
285472353,Shannah,Ginity,538-872-9700,41318
222397923,Maurene,Farry,303-251-0897,13196
361305613,Binni,Fouldes,143-532-9861,95753
936357276,Grenville,Udale,676-720-1549,44213
196075098,Corny,Restill,394-410-8481,59282
203912444,Everard,Cookney,592-729-8528,92916
350407479,Ricardo,Bechley,846-656-6286,88351
151202600,Adriano,King,511-438-6829,46755
328110311,Dido,O'Scannill,758-583-2543,06845
165087799,Alexandrina,Mears,902-542-5998,09767
715817291,Isis,Johanning,129-288-2921,55411
37218587,Lamar,Domico,549-454-5576,28341
940029481,Margaretta,Deport,432-803-8245,61897
839640783,Geri,Monkton,871-465-4841,40492
708650893,Joleen,Banishevitz,735-246-5493,69412
898451515,Royall,Duinbleton,778-307-3266,45569
10557156,Rich,Blazewski,721-694-5373,69031
457533039,Hersh,Rylatt,999-206-8128,68198
657710398,Wendie,Vickerstaff,515-786-1388,90746
580615841,Friedrich,Looby,592-285-5982,13293
292163084,Krishnah,Billows,966-643-5121,84879
219696036,Tiffy,Prattin,547-896-3522,95517
653370617,Felicio,Aronowitz,306-785-6720,15539
792971915,El,Bogart,174-902-5006,62592
818145710,Ami,Rainon,476-711-0214,51115
798744902,Christyna,McMenamie,584-981-8850,25100
827147157,Paolo,Ziem,623-823-8028,15287
779730332,Grove,Antoney,726-909-0183,58404
96433400,Jerrylee,Neeves,787-888-5258,32748
555029483,Gilburt,Glossop,439-372-8757,75492
720886958,Merl,Leist,865-361-9888,89534
857170460,Allison,Whithalgh,363-617-6809,81467
626839071,Elnar,Norbury,971-686-7042,89400
273752166,Lynett,Ochterlonie,882-705-8800,35246
200102700,Marina,Urvoy,405-783-8608,43196
923915758,Kahlil,Winwright,590-882-8207,53405
381555591,Madelin,Elfe,906-267-3819,54762
865051547,Lou,Faragan,303-848-8723,99136
287939701,Zebadiah,Fomichyov,699-416-3375,84174
837047775,Laina,O' Lone,467-766-7387,01782
112062104,Flory,Newvell,920-677-8516,97562
625501679,Sadye,Schott,466-718-5190,93434
346497928,Washington,Penquet,326-576-9020,36170
809313279,Lynnette,Moresby,174-475-7641,91381
177725275,Candi,Whatham,444-551-7343,54526
475143084,Aloysius,Jiroudek,695-932-3780,42300
808722912,Vallie,Scoffham,501-495-2794,17900
217745749,Devlin,Hulson,609-188-7324,65454
55729899,Rasia,Tregido,397-273-0877,68075
356945646,Cayla,Stirtle,417-991-8539,56236
183996412,Terrence,Catanheira,913-574-4927,48487
141165127,Quincy,Rubinovici,139-738-1044,11606
940795524,Correy,Edscer,501-224-6220,96698
552396877,Juan,Cardillo,181-756-4064,34599
477341974,Francisca,Nuzzi,383-936-3881,74921
86216465,Linnell,Goseling,174-606-8448,62748
866432483,Frederich,Brigginshaw,498-333-5464,32003
377375357,Daffi,Prandy,893-633-8637,16517
68866672,Keriann,Romain,493-855-2190,21295
882892476,Pammi,Fowgies,719-619-5015,60355
313043284,Eimile,McRorie,356-195-0969,71470
38738905,Sven,Ballintyne,413-771-0636,81019
558399219,Aidan,Tytler,400-802-4189,52766
955005893,Dulciana,Elland,824-635-2273,68590
616848364,Dorice,Lomb,696-936-5809,70302
558951023,Dawna,Alvis,472-248-8001,40530
438989021,Jamison,Mutlow,325-745-9075,76575
399986624,Guinna,Angerstein,552-741-6352,64713
269538483,Jennie,Piddlehinton,511-934-1293,77762
534281242,Maribelle,Linfitt,637-398-5240,63554
865469796,Brigid,Mold,643-361-4413,71619
205651677,Gibbie,Rallinshaw,757-395-8655,78291
961705431,Clarabelle,Craft,646-300-8662,40311
866850379,Geoffrey,Lowis,624-907-0395,87772
98711781,Aylmar,Stickens,833-349-7581,11119
439401098,Alma,Babidge,409-221-0654,84211
952942563,Nathan,Freezer,765-125-6470,03299
582838680,Leesa,Streatfeild,356-745-3050,07446
431121448,Angie,Petlyura,142-143-0316,33878
738786856,Terrence,Lanigan,633-718-6774,80485
500779422,Lucita,Wilsdon,118-721-2714,66563
558645726,Gill,Children,459-607-9171,05113
742275363,Baryram,Kolin,270-550-3826,61536
466283164,Maryjane,Mattock,773-733-0884,51132
850281050,Eartha,Heatly,897-683-5519,63021
919469570,Annmaria,Growcock,186-457-9790,28395
392159447,Stevie,Echlin,307-984-1871,62205
331847566,Eliza,Duchesne,433-795-7716,26859
477384522,Dominik,Goudard,869-905-8504,00146
930318632,Rhianna,Brachell,643-940-3326,09621
73458637,Lacy,Whittingham,425-639-4333,83098
875095385,Arturo,Kennion,984-251-1852,20386
626026162,Bel,Rosenberg,223-568-2153,68522
750413466,Boy,Nisby,307-928-9023,97836
258257734,Angelita,Eggar,149-708-8574,77161
944890409,Hilton,Thomen,965-244-6028,20588
945901588,Miquela,Wilshin,322-244-3457,47296
6705183,Lexi,Dankersley,687-415-1613,44590
531255611,Marylynne,McGilben,573-154-7140,46414
42392363,Rhody,Athey,569-954-1150,55418
123006459,Samara,Antonchik,297-518-4800,38577
887072913,Julianna,Cuniffe,679-849-8077,10591
545043343,Gabbi,Sprason,383-869-8996,81980
641980958,Gavin,Daskiewicz,937-676-5415,23507
487981250,Sherwin,Node,481-830-4030,52214
344134039,Mylo,Thomesson,632-421-9707,78299
972655996,Rosanna,Danielot,382-826-2644,46966
678680055,Kalil,Buckney,316-426-9127,80422
362327398,Sybilla,Schenfisch,860-754-1460,39928
597740703,Anne-marie,Oakman,831-734-0641,80728
166736983,Dougy,Cotterel,580-317-9322,79067
894671407,Clementia,Rontsch,479-506-8288,34207
311145347,Rosabel,Rollins,187-292-9292,59875
317677542,Selie,Strother,366-759-7988,66057
396637892,Crissy,Christofides,109-981-2951,94632
908856645,Cal,Trafford,238-439-4017,04476
9671324,Iolande,Dillinton,529-987-6781,50994
881945679,Oren,Caws,487-201-5374,89290
760946562,Laird,Coon,413-188-9825,37926
566140697,Claretta,Russo,269-718-4422,18747
377245072,Hollyanne,Giacopazzi,323-966-5508,80479
669747785,Tuesday,Wauchope,566-882-8271,15897
527756719,Vannie,Rudgley,389-492-1065,19363
47387275,Vivyan,Brothwell,602-927-7149,92529
639209043,Sherman,Tegeller,326-632-1956,99918
536773860,Greta,Wilstead,570-703-2745,72560
692697474,Madel,Brigge,397-286-1440,70817
902819764,Dynah,Rodolfi,517-277-3990,99675
357212138,Archambault,Barajaz,572-480-8052,72580
304375072,Agnese,Swalwel,613-467-3119,83222
216953228,Sigvard,D'Ruel,325-747-6005,25120
744302386,Rina,Gerrard,471-182-2133,38177
477937101,Lise,Andrewartha,700-661-9749,55260
856845032,Sharleen,Cornewell,280-835-2421,15939
136228174,Dianna,Feather,847-879-7698,18282
430883102,Fayina,Moland,862-516-2532,15661
310569776,Clarke,Ellerey,133-348-0370,35482
436562061,Cord,Hexham,788-285-9831,28788
309057392,Adria,Quade,145-769-9707,57759
680146314,Rosemonde,Shatliffe,147-218-2002,18929
739125851,Staffard,Candlin,324-330-6147,85258
91887438,Derry,Mulqueeny,619-188-1070,91085
834604905,Barnie,Gavey,819-802-5826,23537
740064426,Maura,Bamlett,513-573-0164,53602
523064423,Emmi,Stredwick,659-802-9277,70783
29655290,Giralda,Isles,826-368-5286,36586
164730606,Sheena,Curzey,321-442-0052,39082
564454368,Tallulah,Coyne,956-966-3121,95979
899661407,Archibaldo,Cristol,368-998-4173,77496
510659474,Nealon,Kiessel,686-970-2792,20802
488384138,Lazare,De la Eglise,852-529-8416,91448
90846690,Fin,Teasey,781-580-3954,27313
536299289,Jacynth,Hobbing,840-563-9807,43292
596398212,Carlen,Gannan,559-700-1176,17429
23702924,Itch,Beesey,906-356-4608,80290
518478007,Leesa,Grason,397-487-6184,93041
159884015,Thoma,Bulcock,819-793-8641,69804
934627709,Shaine,Westmancoat,493-863-8956,46240
847297795,Geordie,Mertel,698-196-9325,35932
532179776,Brnaba,Durie,409-790-1382,01983
962127552,Gertrudis,Bellamy,971-937-6481,35086
651141543,Andeee,Earengey,830-553-3372,81785
217307777,Lydon,Ince,691-975-5325,70138
203362201,Ranna,Vigours,639-441-5447,13818
257362753,Siegfried,Blazejewski,377-260-4855,42585
360348470,Angus,Gloster,567-952-8363,62663
964004911,Merilyn,Lister,684-962-8544,46879
296404932,Marcelle,Tiller,433-129-6350,01260
451435996,Rodger,Bodiam,894-595-2144,42522
295141432,Marsiella,Rainon,777-879-0504,82340
962252175,Kandace,Shakesby,714-251-8775,35404
790269684,Gordan,Woofinden,453-231-1154,43897
365599961,Rana,Clover,261-259-6267,00946
169903519,Jedd,Shewon,478-755-5859,93217
411419128,Saxon,Aylmer,326-553-9807,20935
831342364,Sunshine,Minchi,800-291-0048,62242
723239902,Elayne,Jarrette,989-587-6183,16600
686572162,Kevina,Fanton,246-922-5675,51515
378625945,Margareta,Ralph,974-897-4314,32231
541782772,Juanita,McOrkil,283-913-1808,44309
481594822,Gram,Cuming,781-972-9375,40741
113694834,Fern,Deeble,837-762-8255,51052
648680892,Wendel,Element,492-310-6260,80502
705829809,Franciska,Foux,662-963-8262,22422
646959194,Ronni,Burrett,951-831-0289,11811
45781205,Chrysa,Spearman,677-425-7771,87082
578869997,Cathie,MacArd,434-279-7512,96025
352153326,Corette,Dodsworth,497-501-7769,86871
478838389,Dorotea,Bloxland,188-409-1279,06432
630746332,Lynna,Kenwyn,967-520-2583,29314
962911141,Orson,Parvin,252-977-6692,75989
31805037,Sigmund,Flewin,534-885-2297,75942
858296542,Lorianna,Feld,644-132-7103,65636
695330556,Kynthia,Beadnall,651-998-3781,65649
679757064,Kiley,Exrol,366-918-4676,67292
831149878,Brant,Herrieven,654-110-5326,63250
176403930,Christian,Mac,336-616-6478,15163
353722059,Feodor,Stanistreet,446-981-6548,39251
937389200,Georgina,Martinetto,252-789-1816,41152
548354007,Stoddard,Pilkington,849-240-6899,09153
382383734,Inessa,Mosco,764-170-0847,67494
544236382,Aurlie,Buckthought,582-654-1782,81564
554019310,Lauree,Works,950-730-6016,03061
456180806,Marje,Comberbeach,436-603-1927,76655
909795267,Merrile,Branche,691-475-2361,12986
453205244,Tucker,Gaitone,932-712-4199,05627
398148960,Kimberley,Dossetter,331-348-1186,52669
653903496,Milena,Goulbourn,404-764-0968,72242
857554072,Alanah,Ballantine,124-634-6132,87020
509226308,Cariotta,Dukelow,620-150-9882,25087
123261985,Wilfrid,Charpling,962-848-2878,81142
310619916,Derry,Gronow,789-289-0156,42252
943988244,Evy,Richin,367-368-7754,68090
403456386,Bernhard,Tetla,828-680-1834,14788
959759858,Dario,Bridgeland,722-439-3116,53501
611024347,Alexandr,Bastick,125-773-4614,60840
42118610,Karalynn,Prinett,181-443-5453,11393
401828252,Alejandro,Fernier,818-875-6946,58837
428456798,Enid,Sclater,643-974-6385,57466
718165463,Suzanne,Meekings,223-704-9340,74151
948591875,Dael,Chapier,227-950-1677,87752
992615650,Orelie,Moult,480-621-5706,70360
149391026,Gene,Muzzini,141-493-8991,87982
913059591,Matelda,Philipet,378-642-3502,28589
267835826,Berri,Maliphant,720-145-5670,89579
182005418,Durante,Swafield,222-746-5078,19061
691629180,My,Lampl,273-800-3629,75085
909589175,Perice,Binnie,468-981-1668,20514
75902059,Eliot,Insole,480-582-9649,84998
889034567,Brynn,Littefair,450-268-3757,35907
26196804,Dare,Doggerell,645-368-3805,21451
388014777,Sabra,Forster,622-233-0756,22349
791712222,Tracy,Ginni,775-823-2814,94967
391375006,Starlene,Muff,422-588-2136,88638
732341994,Leia,Pierton,245-693-7432,47084
387598803,Phedra,Nitti,980-270-7101,66333
257136759,Christin,Garth,443-159-9742,97043
918258845,Susy,Kruszelnicki,585-667-5128,96417
950240541,Winne,O' Connell,474-365-3720,41373
144872033,Leicester,O'Monahan,118-133-7859,26873
736154443,Wells,Longstreeth,118-744-0242,75435
437762848,Daveta,Tillot,500-757-5995,66838
187169899,Hephzibah,Roncelli,787-112-9099,11230
899511621,Clevey,Maruszewski,529-268-4882,84860
40956621,Ware,Pillinger,323-511-2372,05528
823782188,Renie,Ambler,333-641-2488,58670
232370465,Kenna,Bickerdike,362-940-4130,42967
773364531,Jennilee,Swyne,689-859-8419,38591
994780489,Elisabet,Whewell,933-174-9549,25934
919676455,Kile,Halliberton,732-378-3183,73531
105146480,Martha,O'Hingerty,103-897-2205,93763
760697317,Vaughan,Beernaert,541-539-5100,83026
38910407,Moreen,Ortiga,441-886-9128,97671
25671946,Milicent,Gircke,720-730-5180,44487
260461911,Janel,Pawlyn,668-622-7409,09860
751311673,Galen,Wagstaff,832-965-1101,47575
285815206,Sammy,Bream,920-908-4880,40843
820178272,Ossie,L' Anglois,794-735-4498,29331
239679115,Seka,Areles,688-317-6866,02435
428282190,Dunstan,Burnie,719-896-2935,35977
18202190,Adelaide,Redan,857-502-9658,43297
100337392,Konstantin,Culligan,849-386-3999,73051
68512099,Lorie,Paramor,851-928-5896,03840
757273968,Evvie,MacPherson,484-431-2919,80963
100333992,Sigismundo,Lawrenz,772-119-9525,72981
241270391,Belia,Louis,232-570-9985,47120
463968150,Adolph,Shimmans,258-915-8698,81550
87186568,Wilmar,Montes,577-261-5048,52871
