id_number,hire_date,email,salary
951308841,6/24/2011,lellings0@cornell.edu,38934.47
556944619,4/7/2010,abuller1@usa.gov,10158.09
905210890,6/16/1996,ccloy2@fotki.com,39258.66
685693187,5/17/2015,ioheffernan3@wikimedia.org,13118.07
355518275,4/28/2011,kcolhoun4@altervista.org,12847.14
690999812,6/13/2020,foheagertie5@vkontakte.ru,25376.83
572428870,11/26/2011,sbaytrop6@cocolog-nifty.com,18133.23
377178008,4/4/2012,eyandell7@mail.ru,15070.17
9955676,3/18/2004,mthackeray8@dot.gov,27237.35
432988112,4/10/2003,dgiacopelo9@apache.org,10634.16
23233577,9/16/2008,cbakea@zimbio.com,30164.58
655297976,2/4/2018,fmillbankb@google.com.br,36934.01
16595030,2/20/2000,omardyc@scribd.com,35842.77
418590525,5/21/2014,tshakeladed@mapquest.com,38704.03
114639314,10/23/2006,rselcraige@quantcast.com,23662.91
777309245,2/18/1993,kbrinsdenf@cbslocal.com,27554.49
442065685,11/4/1996,kfitzgeraldg@usnews.com,11032.36
597799175,1/11/1993,kgiacopazzih@paginegialle.it,33825.29
696030547,11/22/2021,miwanickii@bbb.org,23581.3
715513161,9/27/1998,dlavallinj@mapy.cz,19121.44
240315758,9/11/2012,dbibbyk@google.nl,33120.31
696844430,8/3/2004,ngrestiel@ox.ac.uk,23524.41
871588165,5/26/2014,zheggem@webeden.co.uk,14866.13
297280744,1/26/2000,bmiskimmonn@acquirethisname.com,32335.5
114512262,4/25/1990,mpenko@4shared.com,22461.18
512208165,10/23/2015,webbettsp@xinhuanet.com,35226.07
720694240,9/14/1998,tdumberellq@time.com,27515.77
501911381,12/30/2005,tpikenr@cornell.edu,10623.38
511009464,11/27/1993,aditchetts@ebay.co.uk,37331.04
958915878,2/2/1997,balbertsont@indiatimes.com,19248.95
191042409,2/25/2022,udewsnapu@epa.gov,32314.32
646705798,1/14/2005,adupreyv@vimeo.com,33622.57
969174273,12/25/2013,wcornewellw@jiathis.com,11663.16
291285237,2/10/1994,bantoschx@cnn.com,23391.6
372889490,7/25/2001,hblincowey@epa.gov,17924.16
650278722,11/3/2020,asaunierz@narod.ru,31641.32
452149422,10/18/2005,amannion10@jalbum.net,21428.11
384936340,9/14/2007,lstrover11@com.com,26855.55
397374856,6/18/2010,gtrenbay12@altervista.org,11722.63
498562736,6/16/2020,dstruys13@studiopress.com,22994.68
425324585,3/13/2013,bcromer14@php.net,39945.04
410806769,7/20/1994,ehryniewicz15@google.nl,23045.18
796418068,1/30/2004,ajacson16@xing.com,21402.57
348335479,8/24/2004,fdonett17@statcounter.com,19626.85
36639767,3/20/1997,emilsom18@sfgate.com,38915.18
252916150,10/17/1992,vokeenan19@youku.com,22917.96
625565488,1/12/2011,sblinde1a@spotify.com,24606.69
979824245,8/26/1999,bsanger1b@shareasale.com,11186.37
195466228,3/15/2008,sfairnie1c@amazon.com,36195.76
275999006,7/23/1991,igathercoal1d@1688.com,25499.02
282738587,11/26/1998,zfearfull1e@rakuten.co.jp,11062.55
672292131,8/27/2015,fbillo1f@redcross.org,11795.6
791861596,9/1/1997,acaldairou1g@abc.net.au,11176.11
266455852,8/5/1992,dbennetts1h@thetimes.co.uk,14930.58
454526167,5/23/1994,rklement1i@bluehost.com,20732.61
510793459,2/22/1995,sambrogini1j@google.ru,28224.18
316109471,3/21/2016,mvolette1k@lycos.com,15838.28
605070887,11/22/1999,wmundle1l@mapquest.com,21155.09
443953141,6/1/1997,bblackston1m@redcross.org,29674.16
491748097,1/29/2022,dscoullar1n@hhs.gov,14044.05
103820939,9/1/2018,lcivitillo1o@acquirethisname.com,38850.51
565437581,3/17/2012,kburden1p@typepad.com,29679.72
560250371,5/13/2008,mmacbane1q@theglobeandmail.com,17153.5
794562734,9/15/2008,fmerigot1r@ehow.com,36114.96
627074711,3/29/2007,wviggars1s@gnu.org,20650.05
434213558,1/7/2021,jjaggard1t@seesaa.net,30408.23
251320838,9/20/2011,ggentle1u@wikimedia.org,24322.69
158011562,8/2/1991,dsim1v@youku.com,30123.2
684491974,4/7/2016,cdwelly1w@hibu.com,20108.8
273980155,11/7/2005,tszapiro1x@ustream.tv,22247.91
297019596,1/19/2009,jgreeno1y@wp.com,13815.0
491404055,8/11/2014,nwiggall1z@wikipedia.org,13878.4
989623269,1/30/1995,vbreagan20@nationalgeographic.com,25777.36
973093652,9/17/2011,rgatehouse21@ucsd.edu,28475.84
326243749,7/28/2012,dprose22@twitter.com,27691.73
968445241,4/10/2016,eneesam23@wikimedia.org,12407.54
727426208,1/26/2016,ddowning24@skyrock.com,29668.81
153760926,6/10/1995,erustidge25@seesaa.net,10477.9
735130997,6/30/2017,dcamelli26@paypal.com,38390.47
631124025,8/25/2018,jgormally27@123-reg.co.uk,34253.75
262305060,1/29/2017,arolstone28@posterous.com,14720.07
457261793,10/2/2006,jshefton29@huffingtonpost.com,31325.99
263098272,1/25/2015,ghenkens2a@columbia.edu,31674.74
848360444,5/30/2008,ehavoc2b@joomla.org,24835.28
950747566,12/31/2012,mpinwill2c@economist.com,19496.14
818253844,5/20/2019,tsouch2d@webs.com,29851.88
452771414,3/1/2020,baronson2e@army.mil,30667.57
762122865,7/22/2016,scorro2f@multiply.com,34390.39
117896298,1/26/2007,gdottridge2g@google.com.br,32112.46
662508701,4/8/2010,esollner2h@admin.ch,18096.95
578775857,7/17/2011,hverlinden2i@parallels.com,20171.51
351823102,11/5/1997,cmacgruer2j@so-net.ne.jp,22673.7
264786699,2/18/2021,rtinline2k@berkeley.edu,35932.3
250239474,10/12/1994,jzealy2l@amazonaws.com,38127.91
767893852,2/2/1995,tswannack2m@abc.net.au,38910.69
724682094,7/30/2000,fyerill2n@comcast.net,34112.24
303936143,3/5/2014,sgrouen2o@unicef.org,18385.91
316029782,1/12/2017,ctunkin2p@blogtalkradio.com,33283.66
502836559,10/28/1995,ccutchie2q@techcrunch.com,17358.02
120659878,2/11/1999,rgingold2r@statcounter.com,25857.15
288983289,5/9/2022,pseagrave2s@wikipedia.org,15731.41
455705057,7/18/1995,acurrer2t@mail.ru,34821.18
646197685,5/9/1993,cmathelon2u@bravesites.com,14540.6
678847421,3/16/1997,dkorting2v@prnewswire.com,31715.92
353457164,5/31/2016,jgeorgeou2w@google.com,29148.01
254789599,9/5/2018,msawers2x@t-online.de,11482.71
269348398,2/14/1996,scasale2y@google.co.jp,38386.32
281895850,9/28/2013,hlatan2z@pbs.org,39530.12
290039867,5/31/1999,amowen30@zimbio.com,10695.64
320067392,6/2/2009,afreckingham31@linkedin.com,37380.06
987940103,9/3/1994,tsturm32@census.gov,24253.17
48629856,5/10/2001,cgelardi33@scribd.com,15642.85
558619479,4/8/2020,lingraham34@mozilla.com,21472.14
677164210,10/31/1997,dcowburn35@elegantthemes.com,12071.01
961968822,9/30/2013,jtomek36@cloudflare.com,15614.19
497662026,10/24/1994,djoao37@so-net.ne.jp,12508.23
754532901,12/11/2007,jrayer38@smh.com.au,16203.15
416415481,11/18/1992,ehassent39@amazon.co.uk,37417.61
917568682,4/28/2013,esammons3a@nsw.gov.au,18241.89
147436143,1/29/1997,gmee3b@blinklist.com,39359.21
731990807,8/2/2007,alockhead3c@cbc.ca,31087.98
78290754,8/31/1997,gduckerin3d@linkedin.com,27750.46
68935519,5/22/2018,dcobbin3e@dmoz.org,39450.53
270206777,1/2/1995,lgermaine3f@ameblo.jp,27156.53
886298799,11/25/2003,hbaert3g@examiner.com,35500.2
537353971,8/29/2004,eskaif3h@gravatar.com,35220.32
605787062,4/6/1994,lfothergill3i@dyndns.org,34244.02
48889446,8/22/2006,wkaspar3j@wikia.com,20755.61
256957550,1/28/1998,gcasperri3k@cargocollective.com,22844.39
764130356,7/24/2015,isandon3l@flickr.com,36201.92
477966420,2/28/2011,kwestfalen3m@flavors.me,31539.98
515420780,6/7/2015,jbrimblecomb3n@edublogs.org,30798.13
177144597,8/14/1997,twilcinskis3o@trellian.com,39169.23
220767596,2/20/2009,stucknutt3p@latimes.com,14936.14
93200454,2/17/2014,bmallen3q@twitpic.com,36148.64
721506696,9/2/2020,aklishin3r@omniture.com,37281.53
95160288,5/28/2015,oodougherty3s@hhs.gov,18622.73
852291133,1/20/2019,agoode3t@businessinsider.com,10212.33
52798183,6/15/2017,cteligin3u@myspace.com,12446.16
248543101,6/29/1990,eludwell3v@cornell.edu,36787.24
834185361,10/22/1993,ahassan3w@google.nl,24146.4
83857247,4/22/2010,ckersey3x@ucoz.ru,27606.24
159715817,9/14/1994,ethew3y@theguardian.com,33389.57
790289455,1/21/1998,rsemour3z@reverbnation.com,19513.94
533857757,12/16/2004,vsmithson40@adobe.com,20773.16
102891735,5/21/1998,sblazhevich41@berkeley.edu,37269.6
189509315,1/10/1999,gheskey42@thetimes.co.uk,31476.0
777666471,1/28/2015,broller43@skype.com,33885.66
120765029,8/29/2017,mdarree44@chicagotribune.com,32834.73
325925804,11/15/2015,fhayzer45@webs.com,10353.83
601228657,9/23/2013,cgartside46@geocities.jp,35802.63
506431182,2/14/2008,blawson47@histats.com,22094.35
454232859,3/11/2006,rkermit48@ucoz.ru,17171.52
588400392,12/9/2015,eburgan49@digg.com,14344.1
830178016,11/30/2017,zpidon4a@ucla.edu,17626.02
676399782,4/9/2017,achristian4b@google.co.uk,16779.73
720762480,5/16/2017,apatullo4c@comsenz.com,36793.31
398134177,12/19/2017,xlatore4d@about.com,14634.23
54962924,1/2/2012,apopland4e@toplist.cz,22137.3
878180163,7/6/1997,dvasler4f@booking.com,10299.7
256399714,10/7/1999,csouthan4g@weather.com,23961.35
724326080,7/10/2000,wostridge4h@1und1.de,14315.39
762323383,2/2/2019,ahartas4i@fema.gov,25447.65
71360113,10/6/2011,norgen4j@twitter.com,14511.71
995950397,8/21/2005,lsteinor4k@nifty.com,23346.81
484962060,5/26/2009,mbalshen4l@wunderground.com,11649.36
977484807,12/8/2003,nmanoelli4m@lycos.com,13843.31
969171457,3/19/2015,afeldbaum4n@phoca.cz,36644.59
309177026,9/26/1999,ransill4o@merriam-webster.com,39761.84
523490739,8/9/2008,tmatis4p@theguardian.com,35484.63
563344039,11/21/2022,cdaulby4q@cpanel.net,22629.16
673179407,6/7/2002,dsiemantel4r@baidu.com,34705.24
560800442,7/17/1990,gpearson4s@sitemeter.com,31872.42
956130202,9/3/1995,cgodard4t@reverbnation.com,21481.78
399975650,7/27/2013,douldcott4u@fda.gov,18590.1
630540253,9/27/2019,cthorpe4v@hatena.ne.jp,11577.28
945638121,10/25/1995,lpick4w@flickr.com,20678.74
732895849,9/1/2022,bdillicate4x@odnoklassniki.ru,18036.6
571331910,8/6/2005,ipuller4y@scientificamerican.com,29117.48
637619479,9/15/1990,cmitie4z@gizmodo.com,12095.14
105383099,5/1/2001,fwicklen50@youtu.be,19251.48
629214736,9/28/2022,pgoncaves51@mac.com,26670.01
415114564,4/7/2007,igoodayle52@salon.com,29114.86
116751453,10/21/1994,bbilbery53@nature.com,25466.22
924506625,1/11/2015,rabsalom54@alibaba.com,35083.92
604854462,1/16/2021,bgunther55@ow.ly,18142.42
212248039,4/4/2000,cmatitiaho56@state.gov,24219.16
401911095,3/28/2022,swadmore57@cnet.com,38696.54
614150741,8/29/2004,cdenington58@squarespace.com,38771.2
664863057,11/4/1993,hnystrom59@who.int,34102.13
408728062,2/6/2006,jcoyish5a@diigo.com,30429.34
827485113,1/4/1990,ghook5b@ovh.net,17302.52
940434111,1/29/2003,kpepineaux5c@tamu.edu,19943.38
429710231,7/3/2003,gpadillo5d@flavors.me,38381.97
966213559,10/12/2006,mkline5e@google.es,13148.49
685971668,12/24/2020,lwoollons5f@blogger.com,34352.54
484957058,1/4/1992,lklimecki5g@icio.us,20369.3
406586980,11/7/2018,amarmion5h@toplist.cz,11487.9
478823934,2/6/1993,bzylberdik5i@geocities.jp,27553.82
75274701,1/3/2002,bpallis5j@mysql.com,28175.66
7611223,8/10/2020,awogden5k@sakura.ne.jp,36462.88
323994824,9/30/2010,bhanington5l@rambler.ru,28950.94
796978319,10/19/2000,hcoatham5m@123-reg.co.uk,17738.17
491548716,10/6/2005,vcriple5n@weather.com,12715.01
944883125,11/4/2018,wwhetton5o@usda.gov,30369.04
338679349,11/26/2019,jlangeley5p@mapy.cz,12958.1
236578520,6/7/2012,ddaulby5q@omniture.com,22628.77
276425571,6/23/2020,yjeves5r@usa.gov,21554.5
260709922,3/14/2020,hvolleth5s@xinhuanet.com,36661.3
669092693,7/29/2006,ccopping5t@unblog.fr,17072.05
589883717,10/21/1992,godby5u@clickbank.net,13184.77
563850309,12/9/2002,astranger5v@adobe.com,23453.33
31662405,7/6/1996,chuyton5w@typepad.com,31650.27
885610183,7/23/2011,jdragonette5x@nbcnews.com,10393.57
351616627,4/18/2022,dmuckersie5y@twitpic.com,24874.26
767915561,11/8/2009,abowfin5z@sphinn.com,27200.74
981731162,7/26/1993,mmeasham60@eepurl.com,21213.58
948331578,5/20/1997,rstoven61@is.gd,36496.18
271994382,8/20/2021,hcarette62@istockphoto.com,12417.61
184614585,12/14/1993,chuckett63@hexun.com,33157.21
29351512,10/21/1993,gmanz64@addtoany.com,33504.49
181278948,1/12/2005,rhartridge65@yellowpages.com,16644.84
886101710,12/15/1992,ldenington66@multiply.com,26344.42
235637368,5/15/2007,lkenealy67@mlb.com,19830.49
129718459,7/7/2022,mrout68@wikipedia.org,22588.53
1318589,12/2/2014,mseaborne69@umich.edu,37984.97
82726327,12/23/2018,vklawi6a@squidoo.com,18920.92
634297699,6/4/2002,mglide6b@flavors.me,22970.66
320763954,6/30/1991,ndavion6c@delicious.com,31692.07
316509877,6/13/2007,drentelll6d@bravesites.com,31759.15
365123118,12/3/2017,kguillerman6e@chicagotribune.com,36361.81
522815774,9/27/1997,mcoppin6f@loc.gov,36397.68
584356063,4/20/1995,slecointe6g@seattletimes.com,32062.57
320412580,6/29/2020,tmcdermid6h@ucoz.com,30142.79
647987674,8/15/2013,rkelland6i@canalblog.com,32642.66
359992481,11/17/1991,hbines6j@craigslist.org,18473.11
312182808,5/20/2018,pcarlisi6k@mysql.com,12382.63
29148398,6/8/2001,zcaines6l@nba.com,35561.13
440520247,1/25/2020,kfullman6m@zdnet.com,22247.44
503611751,2/3/1991,jimmer6n@netvibes.com,15012.68
631556122,11/2/2006,cfoltin6o@instagram.com,15176.71
321046457,5/8/2003,jhateley6p@hhs.gov,34847.38
523788257,12/23/2016,clackham6q@mapy.cz,35986.35
483933956,10/9/2020,gyedy6r@yolasite.com,34091.9
662800320,4/26/2002,jjahnisch6s@shinystat.com,22138.54
705918990,4/22/1995,cpennell6t@ocn.ne.jp,21682.51
830729827,8/22/2006,gduell6u@sourceforge.net,12102.2
239792665,12/19/1990,lleonardi6v@weebly.com,17366.73
301098231,5/11/1991,dbudgett6w@dion.ne.jp,33220.69
873523688,5/5/2016,jroskeilly6x@ow.ly,36516.89
232986373,2/12/2018,sdickenson6y@google.co.jp,28526.37
208926740,9/6/2000,mtomson6z@comsenz.com,16378.02
754927059,3/24/2000,astorrier70@reverbnation.com,13575.25
385139046,4/3/2009,gbrundale71@apache.org,25400.11
199028700,2/6/2004,dpacke72@diigo.com,14460.75
367296024,9/23/2022,dhedges73@tuttocitta.it,38029.1
364637863,6/2/2021,jmaccosty74@microsoft.com,34871.09
994191941,4/4/2018,jtrudgeon75@google.cn,13286.41
851678274,1/16/2006,afenny76@answers.com,18739.02
131972700,4/4/2018,rranklin77@zimbio.com,21166.91
245965063,3/10/2000,pdavidovsky78@cargocollective.com,22879.31
145303760,4/17/1990,mthairs79@dyndns.org,21467.32
944664825,7/19/2016,apersent7a@simplemachines.org,15481.29
961676191,5/26/1997,rstill7b@japanpost.jp,32318.45
264918397,12/6/2012,irobertsen7c@boston.com,38862.25
695811601,2/3/1993,caburrow7d@bandcamp.com,23403.0
658839364,2/5/2000,arawsthorne7e@sitemeter.com,19429.48
40689201,9/9/2009,dbirmingham7f@cbc.ca,22201.78
611217353,12/14/2015,lfranzonello7g@mac.com,25500.79
436419950,5/4/2005,kkingh7h@cocolog-nifty.com,35356.6
399588157,3/17/2003,adillimore7i@foxnews.com,20878.9
256678902,10/26/2005,cchatwin7j@acquirethisname.com,13768.74
439785299,5/26/2010,msimister7k@chron.com,31082.68
51986216,12/8/1997,psimoncelli7l@rediff.com,35394.2
119304352,5/1/1996,mwallen7m@de.vu,17503.94
235132438,4/24/2011,tbuttress7n@mac.com,29352.22
653484857,3/5/2003,mshevelin7o@state.tx.us,14245.13
48156025,4/10/1991,ieland7p@rakuten.co.jp,22182.97
51259587,6/18/2008,wsinton7q@cmu.edu,26295.08
343062344,4/23/1993,bbrocks7r@addthis.com,39881.69
104614512,1/17/2019,tbiaggioli7s@independent.co.uk,24716.73
811963473,7/10/2016,kludgrove7t@sitemeter.com,28294.51
805916862,6/9/1992,dloftin7u@cbc.ca,16640.17
75098009,5/28/2013,hcronchey7v@ifeng.com,32123.43
19224440,10/21/2004,gmacneice7w@yale.edu,20360.43
954908799,8/15/1996,jdablin7x@amazon.de,18436.31
699375490,7/15/2007,cbalwin7y@reddit.com,20705.42
135966803,9/10/2009,kglasman7z@bandcamp.com,38802.51
144530622,11/5/2003,creede80@wix.com,27360.18
75332902,2/1/2009,gguillond81@uol.com.br,22290.14
617027978,1/15/1998,cbaythrop82@japanpost.jp,15623.37
654669738,12/31/1999,btune83@vkontakte.ru,34259.25
582697137,4/28/1996,sharwin84@marriott.com,22491.3
952241063,2/18/1994,zlammas85@eventbrite.com,21589.25
161238259,4/14/2001,bleathes86@craigslist.org,27389.91
728898239,1/19/2014,gmorton87@thetimes.co.uk,36493.76
651266013,8/15/2013,lmorphey88@bravesites.com,26966.13
683660953,11/18/2007,dprene89@virginia.edu,26195.71
925594582,3/16/2020,kaires8a@indiatimes.com,33704.2
462866727,9/8/2008,sboutflour8b@indiegogo.com,13981.62
977115838,4/3/2018,rpresidey8c@fastcompany.com,34756.64
783657761,1/22/2021,lmacgeffen8d@addtoany.com,10595.32
157124583,8/4/1994,jcrowther8e@tmall.com,28277.89
895152183,4/30/2013,mdanielot8f@sbwire.com,26241.39
758123676,2/1/2019,stansill8g@cyberchimps.com,29903.41
371959453,4/17/1999,rpritchard8h@imdb.com,19957.91
393211634,6/12/2005,imatthessen8i@mac.com,19532.4
885381480,8/18/2004,ccadogan8j@lulu.com,29703.14
266060634,10/15/2007,vlardeur8k@disqus.com,20941.44
337469789,1/8/2002,fgrigoliis8l@xinhuanet.com,15623.84
204547025,6/21/2000,trentilll8m@pen.io,12059.95
370058723,4/2/2012,jpaxman8n@liveinternet.ru,18017.55
428855412,7/13/2021,bbarnhart8o@about.com,35367.44
719927297,12/30/2020,jwardlaw8p@flickr.com,10556.24
271629369,9/17/1992,ccordier8q@printfriendly.com,23644.44
416258111,11/28/1990,acostard8r@vk.com,25583.93
160928250,2/8/2017,atiner8s@ucsd.edu,35565.43
311878721,12/12/2010,eoxx8t@mysql.com,35503.94
420667104,12/29/1993,cshall8u@angelfire.com,33488.64
574160198,11/29/2008,cpeyto8v@parallels.com,24261.6
7637888,5/30/2021,csouthcomb8w@360.cn,38599.37
120784106,2/28/2009,jannakin8x@1688.com,35054.93
932658722,4/14/1991,hgillyett8y@archive.org,12372.53
614140679,1/9/1991,nkitteringham8z@tinyurl.com,11542.82
861694141,10/18/2012,edoorbar90@buzzfeed.com,37294.73
643568623,2/16/2018,kpeschmann91@webs.com,20499.81
220470040,12/3/2001,hfesby92@eventbrite.com,23778.78
130595066,8/16/2003,hadnams93@blogspot.com,18991.95
391809055,11/24/2003,aredmond94@wordpress.com,35356.62
448229932,8/28/2017,idahlgren95@fotki.com,30596.06
278190259,11/7/2003,tgarces96@biglobe.ne.jp,36588.3
39404276,5/5/2003,jpadefield97@altervista.org,38001.31
950912477,8/10/1999,mrallin98@sun.com,14327.89
216624276,8/1/2006,mcowin99@tiny.cc,29914.48
316559115,6/28/2004,ckulicke9a@unblog.fr,10079.13
533101215,6/19/2018,dcostin9b@illinois.edu,39715.62
396683452,6/19/2021,cdunster9c@over-blog.com,33673.92
971242502,3/10/1998,bgladtbach9d@goo.gl,11948.6
226748639,4/22/2014,khamfleet9e@state.gov,32836.17
186127423,7/10/2022,jashbridge9f@earthlink.net,14685.82
744113083,2/18/2010,lhillhouse9g@rediff.com,14736.08
223840340,3/8/2002,pbilbie9h@google.pl,39989.1
358808725,8/19/2002,freburn9i@webeden.co.uk,17622.99
116556123,6/3/2020,tdarkin9j@buzzfeed.com,16082.96
69805396,1/1/2007,rbrabbs9k@wikispaces.com,36327.65
696212058,11/15/2000,rglasheen9l@desdev.cn,20915.61
754081554,11/25/2015,lgumbrell9m@soundcloud.com,39929.02
159288937,6/9/2016,aridhole9n@archive.org,19085.22
240185478,11/12/2022,mtweedie9o@etsy.com,13053.47
777531034,6/30/2007,lbonnesen9p@wunderground.com,10311.97
401453910,3/28/2008,rfennell9q@addthis.com,31692.52
324374313,6/30/1999,cvillalta9r@buzzfeed.com,14981.13
702335586,6/13/1992,ptowell9s@alibaba.com,21149.05
51375486,4/16/1992,fasbery9t@ow.ly,11980.11
624950301,5/15/2020,spalle9u@miibeian.gov.cn,13773.33
731586585,1/3/2008,tblackett9v@vinaora.com,17685.28
816895966,4/24/2011,lricardot9w@hhs.gov,18934.03
606206291,12/12/2011,kellgood9x@ucoz.com,36763.54
236305360,8/1/2000,mtroak9y@clickbank.net,27775.71
423970262,2/27/2022,wechallie9z@tumblr.com,16625.93
544657882,5/21/2007,nivantyeva0@bloglines.com,19742.33
377675567,1/19/1999,bbrasha1@theatlantic.com,14358.48
844037393,8/29/2018,vlawleea2@1688.com,39563.13
58377538,9/13/2010,lneissena3@home.pl,26844.16
353534950,7/29/2011,lhackworthya4@ucla.edu,12624.09
717935012,10/1/1990,linsolea5@chron.com,39532.59
460689155,5/23/1999,lartharga6@paginegialle.it,29976.9
204871125,4/3/2022,jkalfa7@bizjournals.com,32803.33
400784468,8/28/2013,abricklebanka8@sbwire.com,15879.9
687084573,7/15/1992,rkettlesinga9@nature.com,32370.92
386233896,10/11/1996,dpedlinghamaa@jalbum.net,27512.84
146001764,10/1/1994,afirsbyab@github.com,18218.6
865619071,3/24/2004,jcorainac@time.com,24126.67
393253949,11/6/2018,riremongerad@jimdo.com,14550.84
47988523,4/14/2015,bhallockae@comsenz.com,28047.93
972336296,11/29/2019,eansellaf@sourceforge.net,27955.55
864285533,9/11/2008,osainzag@wufoo.com,24378.1
96089641,1/31/2010,msteptoeah@goodreads.com,17909.1
604661820,6/17/2003,cgoalleyai@jiathis.com,20844.01
969959695,5/27/1993,hsambidgeaj@howstuffworks.com,38846.56
976695730,4/12/1991,spasleyak@feedburner.com,14788.61
673861904,5/22/2016,akimbreyal@nps.gov,15049.62
847728775,7/30/2010,sambresinam@mozilla.org,26407.14
761190264,9/7/2022,hlernihanan@csmonitor.com,32204.09
112936862,6/22/2015,mwilcockesao@blogs.com,33050.66
568087678,10/6/2020,troobottomap@yolasite.com,39357.46
305062534,8/11/2019,jlinderaq@indiegogo.com,20173.05
931123794,12/18/2015,dcalamar@vkontakte.ru,22821.7
376690460,3/25/1999,hslamakeras@cyberchimps.com,29117.75
572881013,2/28/2004,gmoanat@nyu.edu,21004.89
724169472,11/5/2022,ncolbyau@yahoo.com,11139.53
679906405,5/13/2017,cguinnessav@blog.com,27090.47
371008910,6/24/1991,esiviouraw@qq.com,30080.87
173955839,9/7/1996,jgatusax@sogou.com,18383.05
656958707,7/9/2011,adibbinay@census.gov,29890.56
260371853,2/13/2020,mperryaz@shinystat.com,25172.41
306886371,4/18/2002,mwalesb0@godaddy.com,26685.59
103478442,10/21/1990,modooganb1@fastcompany.com,23869.56
684807629,2/9/1994,dmedlerb2@marketwatch.com,29113.72
870188525,9/8/2001,preedb3@webeden.co.uk,25989.01
964956772,12/30/2017,gyaneevb4@skyrock.com,35164.42
511573667,10/17/2013,ksutherelb5@utexas.edu,17061.71
366601849,5/8/1997,mantunesb6@illinois.edu,23407.01
303587227,6/5/1999,lohalleghaneb7@yelp.com,35255.68
30685244,11/29/2004,dantonellinib8@pen.io,27372.06
612629759,1/12/2012,ibeauvaisb9@gizmodo.com,20789.07
151858926,9/25/2020,mrealyba@cmu.edu,16291.83
53234692,12/18/2020,gpennockbb@earthlink.net,11273.2
647584179,9/4/2017,ahannambc@meetup.com,33043.78
464619393,1/1/1998,pobroganbd@psu.edu,37490.82
429181542,10/6/2006,bstampsbe@squidoo.com,21279.85
502531746,1/18/2021,jmunseybf@xing.com,22996.79
399202478,4/13/1997,fchartrebg@pinterest.com,30626.55
523778068,8/15/2021,fcawstonbh@marketwatch.com,19794.18
33173752,4/12/2004,ccohrsbi@google.com.au,24557.27
876789077,9/22/2014,qgornarbj@geocities.jp,12721.06
696086307,2/28/1995,fmcgahernbk@google.fr,22725.81
779194191,12/21/1993,jlenevebl@icio.us,30596.22
245183188,12/21/2006,vprahmbm@wix.com,31649.82
287025450,11/18/2004,pmatesbn@independent.co.uk,18147.37
893706131,6/9/1991,cwithnallbo@go.com,23750.39
221751947,9/4/1996,tgibbsbp@ucoz.com,11121.94
703089636,4/14/2002,mantoniewiczbq@jugem.jp,19230.88
180690768,5/27/2003,kperriebr@barnesandnoble.com,23943.6
899743292,12/31/1996,rstoddartbs@imgur.com,23963.67
610813359,6/5/2006,jmclavertybt@webeden.co.uk,23620.81
167540176,12/14/1994,htunnockbu@mlb.com,29819.98
48230487,10/11/2017,clettsonbv@ifeng.com,21230.26
509484755,10/18/2012,lleabeaterbw@prweb.com,16302.05
501569383,1/4/2014,gatterleybx@arizona.edu,21290.27
728706292,10/21/2006,ccampby@columbia.edu,10765.43
277833459,3/6/1994,lleithgoebz@mayoclinic.com,32446.67
218067837,12/24/2003,jmatchittc0@spotify.com,18293.02
102240163,5/14/2020,croundtreec1@posterous.com,11322.81
624625608,9/11/1993,reglintonc2@hubpages.com,30543.4
833792880,5/17/2016,iaysikc3@over-blog.com,19456.35
17266212,4/18/2012,abreckonc4@naver.com,11099.8
408364338,10/8/1998,wsallowayec5@webmd.com,18525.95
395159167,11/6/2022,jphilipartc6@last.fm,20894.83
729500690,8/11/1991,avandrillc7@edublogs.org,19767.3
561786729,4/21/1997,qvanyarkinc8@vimeo.com,17110.51
873713570,10/20/2015,ocattlowc9@ehow.com,25071.69
324273655,4/23/1992,dledstoneca@technorati.com,32071.69
893513467,8/3/2004,pdemchencb@edublogs.org,13786.76
928133812,2/12/2011,chullcc@privacy.gov.au,34684.94
274146429,1/10/2014,hgittiscd@tuttocitta.it,25619.46
130276836,11/26/1991,cdeverallce@whitehouse.gov,18127.55
171996606,8/1/2017,ncrebottcf@weebly.com,21498.15
333374072,11/9/1996,aboscottcg@comsenz.com,37997.77
251035963,5/11/2022,kdrinanch@nyu.edu,21947.2
305656126,1/31/2009,gsewleyci@prlog.org,22218.61
516555850,6/22/1997,lwhethercj@quantcast.com,31654.66
59392414,6/9/2003,ldavidovicick@umich.edu,26519.16
862804889,5/20/1992,aorbellcl@yale.edu,12648.46
810358032,7/2/2017,fblaszkiewiczcm@wiley.com,12193.18
158256258,6/14/2011,atrowsdalecn@edublogs.org,15124.51
346452369,11/8/2000,bhamsherco@businessinsider.com,23717.25
666400764,1/25/2021,azealycp@comcast.net,19695.27
954194622,4/24/2009,mduckwithcq@bbc.co.uk,36117.72
379941328,10/12/2006,lraspercr@mediafire.com,11673.35
431705838,9/10/1998,vgaylordcs@cyberchimps.com,11268.94
849433596,1/31/2018,ltollettct@miitbeian.gov.cn,20900.43
977272918,3/26/2022,mpaolonicu@cafepress.com,16575.11
594821492,10/9/2009,ehardycv@sciencedaily.com,30173.01
132476083,9/19/1994,fjarretcw@g.co,28914.08
133560967,9/20/2001,dplestercx@macromedia.com,35831.53
689123277,4/2/2016,dbetchleycy@taobao.com,26700.22
921016481,6/2/1999,ddunnioncz@nifty.com,11267.73
554617320,10/3/2001,bbembrickd0@parallels.com,19293.33
847412089,6/23/2000,dlattimerd1@forbes.com,15484.01
820711629,4/16/2013,igoskerd2@xinhuanet.com,34775.31
403804815,10/15/2004,balvisd3@buzzfeed.com,25221.41
676477739,6/24/2003,gproudleyd4@prweb.com,29250.27
211563461,9/6/2008,cmcluckied5@ed.gov,12239.59
177939380,12/11/2001,swhightmand6@google.co.uk,14629.06
907899053,7/11/2015,smattysd7@usnews.com,36265.9
838533696,2/27/2011,lmaciejad8@macromedia.com,30328.12
78791075,11/10/2012,lmacnockaterd9@amazon.de,13608.66
63465456,7/19/2016,sdykinsda@cyberchimps.com,25165.49
859981199,9/30/2019,cuttridgedb@uiuc.edu,22214.83
601949092,3/28/2000,dskelliondc@bandcamp.com,38457.25
493244774,2/24/1995,smccreerydd@umn.edu,22113.65
926145849,3/30/1994,lmannersde@admin.ch,23001.38
158809134,9/17/2018,nvickressdf@addtoany.com,24414.44
975639498,6/21/2011,lcahndg@exblog.jp,35968.63
64363725,8/10/2019,bstebbingsdh@sciencedaily.com,39880.8
654610679,6/9/1990,ipalfremandi@mapy.cz,27521.35
678029779,5/13/2005,mgreimdj@wired.com,30590.84
364729207,8/8/2017,acaffertydk@nps.gov,33815.43
118187138,2/4/2004,awhistancedl@hugedomains.com,35349.08
594380618,5/1/1992,dsalvindm@fotki.com,38540.82
916816529,8/27/2013,jbodocsdn@huffingtonpost.com,38153.14
891330154,8/21/1990,zkhristoforovdo@dion.ne.jp,18346.18
284513440,10/4/1990,bscorerdp@cmu.edu,31247.15
555531748,9/27/2010,edivineydq@geocities.com,16499.83
573611187,10/8/1992,avanhovedr@umich.edu,37775.33
65616768,8/30/1996,zfawdryds@irs.gov,17451.1
8137264,11/23/2013,rathelstandt@ucla.edu,38671.26
405830989,4/3/2010,chartridgedu@unesco.org,27315.13
696345819,5/29/2017,rdredgedv@tmall.com,36394.12
318357234,1/4/1997,odulintydw@microsoft.com,11821.29
103065259,7/19/2011,rsmithsondx@dedecms.com,10061.42
225814502,5/15/2021,nfoynesdy@goo.gl,15970.66
246754834,2/3/2001,lseamondz@independent.co.uk,31506.6
567820477,7/10/2006,hklaggemane0@elegantthemes.com,37628.64
616943946,7/3/2010,vhavilee1@technorati.com,23071.55
236618843,8/15/2008,eaxone2@youtu.be,17750.96
970489763,3/20/2000,wbaylese3@t-online.de,19425.03
690229105,3/25/1992,imaddrahe4@phoca.cz,17442.31
391536521,6/27/1997,iburnsalle5@desdev.cn,20240.33
904198691,11/7/2014,mdukesburye6@google.ru,11244.34
779960724,4/20/2006,arableaue7@theguardian.com,18808.63
646778594,5/19/2011,wbazochee8@time.com,30679.38
29534848,5/23/1994,mbenze9@twitter.com,19641.58
836003055,4/4/2012,jarndtsenea@oracle.com,17408.45
246868314,1/18/2018,hambrodieb@sourceforge.net,21259.57
809496335,7/10/2013,ppoundsfordec@unicef.org,16376.72
375711056,3/6/2002,sofinaned@bbb.org,24336.15
306220033,4/28/1995,bkuhnkeee@creativecommons.org,39808.39
49746388,7/31/2002,lvaggesef@marriott.com,13252.89
82360373,8/18/2007,vbennallckeg@rediff.com,28459.43
134563560,12/7/2015,lswettenhameh@youtu.be,21910.49
570409387,10/19/2020,breinbeckei@sciencedaily.com,31298.38
750034237,7/16/2001,ldoyej@w3.org,16690.06
504052996,1/14/2022,ikilshawek@phoca.cz,36712.67
733391280,5/22/1999,jpantinel@squarespace.com,13431.73
162789665,8/24/2004,mlebournem@tripod.com,26872.66
926205805,7/31/1991,igammieen@google.nl,32428.35
374102281,1/22/2001,kcharteriseo@economist.com,22480.18
416392404,4/30/2018,mrenfreeep@bizjournals.com,25433.27
774790525,6/5/1998,tkyllfordeq@cdbaby.com,17980.28
684502544,11/27/2019,dburdeller@ameblo.jp,38874.08
137376575,11/3/1991,etavinores@elpais.com,30084.7
30748059,4/30/2017,ajuryet@wired.com,19783.62
992452764,11/3/1994,dwilliameu@acquirethisname.com,15448.23
358890193,9/17/1994,ecurnessev@soup.io,23993.22
130245473,4/6/2020,edellcasaew@irs.gov,16288.28
927025103,6/6/2001,htrusteyex@independent.co.uk,13921.71
43907291,4/1/2021,kcasoneey@earthlink.net,32704.74
900130040,10/7/2019,lodornanez@vimeo.com,18885.27
451008104,12/18/1995,mclemonf0@instagram.com,23856.23
928227190,1/30/2020,cshafierf1@chron.com,33192.14
334318708,9/8/1995,btantef2@g.co,22969.35
998972632,7/24/1993,ndabelf3@cyberchimps.com,21430.57
475183464,4/22/2011,edisbrowf4@quantcast.com,33222.4
725905515,10/27/2018,pbuttersf5@opera.com,13617.37
259765636,12/22/2001,cbertelsenf6@jiathis.com,10609.49
856713649,11/8/2021,ddavidoviczf7@clickbank.net,37924.78
372945589,9/29/1996,rduthief8@ucoz.ru,25932.32
161736975,2/3/2016,kfattorif9@reuters.com,30182.36
86946437,10/8/1993,paceyfa@cdc.gov,12059.37
212884204,3/7/2019,hbrinklowfb@usgs.gov,25589.45
93715532,11/21/2004,erobartsfc@wikimedia.org,15673.41
120870821,4/18/2021,hjentgesfd@yale.edu,37746.44
214612941,10/6/2015,mhovyfe@goo.ne.jp,35788.73
723093890,10/19/1992,cmetcalfeff@princeton.edu,19671.84
713498297,7/4/2015,adysterfg@dmoz.org,12099.86
404626406,9/24/2001,hkorpalfh@nifty.com,23588.67
608617437,6/22/2002,wbillionfi@house.gov,14776.65
496169053,4/26/2017,crhymesfj@google.pl,11701.18
546807206,7/6/2004,cbrashawfk@cafepress.com,26933.57
987958880,10/13/1999,abullantfl@prnewswire.com,38731.04
953823864,10/23/2014,cspellerfm@adobe.com,28385.3
407326432,6/29/1990,cpinnigerfn@surveymonkey.com,39214.99
537576127,12/22/2000,gwitardfo@yellowpages.com,19822.06
727522701,3/7/2008,abeavenfp@gravatar.com,36514.44
257273904,1/20/2014,bemmittfq@nifty.com,14246.76
645564931,1/18/2000,jbusenfr@census.gov,21319.27
491022480,7/8/1998,hsmeathfs@washingtonpost.com,38584.05
60822957,7/11/2018,hmarttft@edublogs.org,33316.09
734797544,11/19/1997,bdelgardillofu@washington.edu,11557.87
484491639,6/20/2003,onodefv@mashable.com,35794.83
960178748,12/12/1999,pugonifw@independent.co.uk,28337.46
201497879,11/24/1990,mpietruszkafx@bloglines.com,20659.07
246808903,10/21/1997,phansterfy@weebly.com,12352.55
570194745,6/27/1994,eeisikovitshfz@amazon.com,18505.27
644910931,10/19/2017,bshipseyg0@independent.co.uk,38445.41
594702585,8/12/2005,mdunrigeg1@ed.gov,33924.64
989940663,2/6/2019,pbowlerg2@archive.org,16701.05
204825746,10/8/2021,hmcmichellg3@nyu.edu,32032.58
482175703,1/6/2014,rforsaithg4@privacy.gov.au,26277.55
537032118,5/25/2001,fgilping5@house.gov,29247.16
233112949,10/6/2007,kcorbyg6@imdb.com,39135.99
57223786,11/12/2006,cobyrneg7@miibeian.gov.cn,15722.05
271540700,2/20/2020,lsilverthorng8@xinhuanet.com,17150.22
464817739,9/26/2012,bdemaineg9@behance.net,27950.34
133597387,5/23/1990,cnewbornga@xinhuanet.com,28718.47
981754295,8/4/2021,talvarogb@de.vu,24623.85
304556648,8/22/2015,mcraykegc@altervista.org,37629.63
595091175,6/24/2015,bpetegreegd@blogs.com,11047.11
542202169,7/24/2008,kcornillge@nature.com,26055.63
200787755,12/4/2002,efaunchgf@goodreads.com,33044.74
887421069,5/29/2005,wleportgg@theatlantic.com,19110.66
864916169,12/5/2009,lmacneilgh@google.fr,19073.3
283120277,5/16/2022,ccheziergi@earthlink.net,33902.21
504781726,8/7/2019,hgresergj@dot.gov,30079.33
730906086,3/12/1999,nantonaccigk@tinypic.com,16525.27
112049150,7/20/2020,sgrosegl@cam.ac.uk,13869.52
524099918,9/26/2016,htesseymangm@edublogs.org,27897.34
925555058,8/6/1990,lonngn@google.fr,24195.06
104833982,7/16/1993,cbeacomgo@si.edu,16892.46
999777433,5/30/2000,jkurtisgp@ifeng.com,17344.32
525010590,10/17/1998,aroddangq@theatlantic.com,39206.58
864192076,8/2/1998,pschiementzgr@mysql.com,37504.3
859799063,8/17/2004,nkeepencegs@webnode.com,11411.97
287303120,12/30/1994,sdarthgt@cafepress.com,18402.29
3593165,6/8/1991,bhurllgu@fotki.com,27483.01
315493568,4/18/2006,fgrumblegv@altervista.org,31120.58
301129891,7/9/2001,kmanwellgw@exblog.jp,20860.64
536384252,4/26/2022,lkleszinskigx@infoseek.co.jp,10921.39
527979173,6/17/1995,gavissgy@imageshack.us,13761.41
31119175,1/8/1995,chartzogsgz@mashable.com,19324.89
749689581,5/8/1993,awarryh0@ifeng.com,23279.84
762271616,6/25/2001,mvanniekerkh1@imgur.com,10230.65
167228202,11/12/2008,fbeakeh2@soundcloud.com,14850.01
577215576,9/3/2002,fnardih3@yandex.ru,15600.8
515478845,6/5/2008,akunischh4@webnode.com,31375.85
187960160,11/29/2022,hperrellih5@naver.com,18796.64
101557984,8/18/2021,gvanderkruih6@constantcontact.com,26433.21
601725469,1/1/2008,mdundredgeh7@redcross.org,28410.83
513477980,7/23/2008,odeeksh8@usa.gov,30367.77
359259818,1/19/2002,hchanth9@example.com,38355.09
572686037,4/16/2018,gdeasonha@addthis.com,18119.28
877016336,10/22/1991,bgonsalvezhb@sciencedaily.com,37670.43
265529120,4/8/2005,hyurocjhinhc@clickbank.net,10908.6
980805043,7/1/2000,sverohd@nba.com,18179.51
160058355,3/27/1997,ltiltehe@so-net.ne.jp,29815.54
403892051,7/17/2005,karendhf@house.gov,32550.16
329932745,12/4/1993,tandreaccihg@tuttocitta.it,16970.34
756801133,2/1/1993,mpuckeyhh@msu.edu,18042.37
308528096,8/27/1995,dfollihi@com.com,23275.41
70580202,7/25/2012,shandeshj@oracle.com,32697.82
170426378,5/29/2022,ttomainihk@columbia.edu,27631.3
982100589,12/3/2000,neyeingtonhl@hibu.com,26256.04
962154406,11/11/2014,tluddyhm@oakley.com,34418.4
598917534,7/17/2003,sscoullarhn@typepad.com,16529.67
757918105,12/31/2008,jkinneirho@pbs.org,31768.49
492085346,6/28/1997,dmapplethorpehp@linkedin.com,34956.45
584278958,7/15/2006,kwohlershq@angelfire.com,35952.55
924967045,5/27/2011,ipetrakovhr@theglobeandmail.com,20953.03
193691560,12/28/1995,rfetterplacehs@prnewswire.com,13988.53
567677859,8/29/2019,fphilippeauxht@spiegel.de,12448.0
861092528,9/1/2008,llippiatthu@google.co.uk,31203.83
938841523,12/26/2015,lhaggerwoodhv@virginia.edu,22021.11
235692558,7/4/1992,jbranniganhw@g.co,24664.33
911534163,7/17/2013,lblumsonhx@ucoz.ru,31501.57
93469677,1/27/1993,mklemencichy@omniture.com,33682.75
928514428,1/19/2008,bscaneshz@shareasale.com,13348.03
364838855,9/8/2001,hpurdeyi0@weather.com,11712.61
634138076,6/23/2018,nchildesi1@altervista.org,30191.0
828163045,2/15/1995,rmialli2@opensource.org,39958.17
115535935,4/7/2015,apageli3@nbcnews.com,26987.21
474016075,10/4/2021,vpictoni4@typepad.com,30869.71
720915934,12/7/1994,edewsnapi5@sphinn.com,38599.11
798537980,3/17/1991,saguirrezabali6@spotify.com,27397.36
306553847,5/27/1992,evaleriusi7@skyrock.com,14335.42
953957466,12/9/1992,cpinnocki8@shareasale.com,26402.15
391743548,12/8/2017,gfrodshami9@geocities.jp,37164.32
115441706,7/28/2011,achellia@icio.us,30641.82
941709010,12/27/1995,ktanderib@blog.com,33745.88
260167407,9/15/1996,jcopnallic@hc360.com,12485.55
336193684,12/3/2003,fdybleid@pen.io,10312.05
980437090,4/18/2003,lchestonie@sciencedaily.com,28660.54
128074532,4/16/1995,cchallaceif@cam.ac.uk,16953.44
273924721,3/28/2010,ggoodieig@nature.com,38139.26
962217989,8/30/1993,nsleggih@sogou.com,32880.7
896988439,2/27/2013,lharversonii@princeton.edu,26847.99
694522893,7/18/2007,gjakubovicsij@bravesites.com,20750.03
751451505,12/21/2007,pgarmonsik@sogou.com,16080.62
989493357,1/29/1993,jcrawshawil@statcounter.com,34003.93
55611443,9/10/1997,dfrossellim@lulu.com,35891.78
656395043,2/14/2018,cmonahanin@indiegogo.com,33727.86
722385434,1/28/2014,arohanio@cdc.gov,37322.19
697639621,11/9/2006,dkubickiip@latimes.com,21126.03
949245467,10/24/2008,pkilkennyiq@fema.gov,32804.0
919812765,9/10/2002,kskryneir@mlb.com,28613.81
415884379,3/2/1998,bfrancis@ifeng.com,22069.63
749308215,10/19/2001,hmathiotit@sina.com.cn,37516.53
546538456,11/22/1993,ssteetiu@chicagotribune.com,37449.15
970835512,3/7/2002,lbraddoniv@newyorker.com,17501.39
419977764,7/14/2004,bprobyniw@upenn.edu,21657.4
577997921,2/5/1998,psparhawkix@chicagotribune.com,24068.26
147002750,3/3/2015,kgroomeiy@timesonline.co.uk,36563.49
953153721,3/7/1993,tswashiz@example.com,30674.37
880096981,12/2/1993,ccourvertj0@privacy.gov.au,13489.13
136873243,1/19/2014,hoganj1@usgs.gov,28841.4
171736232,6/21/2018,hmatzenj2@ed.gov,35964.68
206056177,7/3/2001,mlillecrapj3@dagondesign.com,27445.47
729534583,3/6/2001,cnevej4@naver.com,33535.82
845705380,1/28/2003,ccastanaj5@ifeng.com,37589.69
334284578,4/7/1998,acobbej6@linkedin.com,36101.19
233226717,12/21/1995,qellesworthj7@time.com,38074.6
626303438,8/30/1997,anoahj8@fastcompany.com,34831.08
897618822,2/25/2013,trosebyj9@bigcartel.com,22578.42
764891982,10/18/1995,cpopeleyja@photobucket.com,12033.74
660480931,3/25/1999,rbrockestjb@ftc.gov,28469.33
137248464,9/27/2013,bcorstanjc@mit.edu,35930.45
442167509,7/26/2010,qissacofjd@prnewswire.com,28903.63
846841031,6/8/1998,dcrunkhornje@weather.com,14206.81
252885550,7/25/1997,cjagoejf@multiply.com,29461.96
720154996,11/4/2009,cdorgonjg@utexas.edu,27905.19
677686622,11/28/2015,rbolmannjh@unblog.fr,34907.31
74401805,7/14/2002,delmsji@liveinternet.ru,20004.59
725169067,5/19/2010,sximenezjj@miibeian.gov.cn,24726.61
513378494,5/6/2014,rdellortojk@yellowpages.com,13562.58
954582621,7/8/2000,mgeavenyjl@purevolume.com,33256.03
637201439,5/30/2018,owhitwelljm@blinklist.com,15952.24
48474995,4/8/1998,sneilsonjn@vimeo.com,10261.35
200011412,3/31/2006,sdeakinjo@vkontakte.ru,22360.52
723118802,11/10/2018,gdellarjp@twitpic.com,17048.11
66430379,4/8/2019,clegrandjq@omniture.com,39433.32
163902429,6/12/1998,tlaminmanjr@desdev.cn,27311.26
862332043,11/12/2000,pfrenschejs@mail.ru,31473.31
32062029,10/25/2018,ikroonjt@techcrunch.com,24170.78
336066360,12/16/1995,hfirmagerju@state.tx.us,18715.48
343297534,2/4/2000,jeatonjv@de.vu,28777.0
883585846,9/19/2001,agoslingjw@apache.org,23948.13
335773444,4/20/2016,mjardinjx@craigslist.org,27736.92
661460678,1/17/1990,bstigersjy@google.es,20153.94
524103202,1/18/2012,fsawfordjz@dedecms.com,37665.76
539207867,4/30/2001,mparnallk0@mozilla.com,11705.15
908576300,4/27/1999,mslotk1@google.co.uk,32513.3
134664019,3/20/2018,jwilemank2@miibeian.gov.cn,24190.87
339321316,5/2/1991,acicccittik3@whitehouse.gov,38565.5
871672647,10/29/2018,gtremellank4@constantcontact.com,34058.13
81719660,5/31/1991,dgiorginik5@rakuten.co.jp,32021.73
557506768,3/14/1996,abickerdykek6@newyorker.com,21480.2
747411844,3/11/2016,lbackhousek7@chron.com,20503.66
736989012,4/7/1995,tchazellek8@alexa.com,10425.92
754675746,8/7/2009,cvassbenderk9@edublogs.org,16477.09
634695531,10/27/1992,rmerrikinka@macromedia.com,21378.69
643342674,10/29/2018,fbuckinghamkb@youtube.com,21978.95
949076336,12/2/2014,wstiantkc@about.com,39469.9
238238619,11/25/1999,ncopaskd@engadget.com,27093.85
475921199,10/28/2018,gsamke@cisco.com,27091.54
165638485,2/1/2001,glivoirkf@un.org,31311.22
829957413,3/29/1990,sbrandeskg@yolasite.com,19735.12
392590212,4/6/2019,wvasnetsovkh@opera.com,31114.61
598158175,5/23/2022,twattinhamki@timesonline.co.uk,29659.4
969033715,3/1/2011,cmanueaukj@flickr.com,27651.31
181129085,6/28/2013,crehmekk@cbsnews.com,18661.49
213181338,11/9/2009,thuggenkl@ox.ac.uk,31545.6
55396121,4/11/2004,hrizzottokm@wordpress.com,26240.89
245051960,8/19/2016,amunrokn@phpbb.com,24130.98
443172283,1/30/2008,rlentschko@studiopress.com,31543.73
907351965,7/26/2001,lberzonkp@netvibes.com,11171.47
561232160,7/27/2021,winesonkq@usgs.gov,27895.37
37571762,1/5/2005,dhugnetkr@netscape.com,20292.3
147080751,11/3/2014,gfernehoughks@issuu.com,29771.78
602293886,12/25/2014,ztricekt@netscape.com,33576.67
862277741,9/5/1997,aclaphamku@admin.ch,22550.99
130735972,8/18/1991,kwickeykv@typepad.com,37381.37
817258513,1/12/2005,dyannekw@forbes.com,15928.22
484466165,3/31/2002,gbartolomakx@icio.us,14414.52
175399654,6/21/1992,ybenittiky@samsung.com,38833.84
298537220,11/23/2022,jdartnellkz@about.me,32770.7
142961876,1/7/1997,bgrindrodl0@t-online.de,31281.94
374582703,3/17/2006,tvickressl1@dmoz.org,36162.55
712557902,4/4/2014,aellimanl2@printfriendly.com,19651.04
562491870,8/30/1990,smeysl3@webeden.co.uk,33544.45
191967872,4/6/2003,gmccloryl4@shutterfly.com,11285.97
510358599,7/15/2017,lbewickel5@usnews.com,18269.97
393593976,4/8/2008,spolferl6@freewebs.com,23798.18
281656117,1/8/2015,kguideral7@dropbox.com,29002.63
130940851,1/2/2020,credshawl8@slate.com,38883.87
616600706,11/2/1999,eheardmanl9@ask.com,15743.2
700198324,5/27/2011,hdollimorela@miitbeian.gov.cn,34833.89
678035261,12/19/2020,ghoweslb@hp.com,30715.9
493838852,9/5/2005,craynorlc@guardian.co.uk,22446.48
896983920,9/13/2001,treyburnld@washingtonpost.com,26182.59
302834140,5/26/2011,mnewvellle@studiopress.com,36640.9
264129195,6/19/2020,mjenesslf@wix.com,21199.28
804129009,12/31/2018,edurielg@geocities.jp,21724.81
392980528,4/3/2019,athorplh@irs.gov,12487.75
14953038,11/28/2017,djosilevichli@archive.org,33415.12
8180630,11/2/2008,sporteouslj@xinhuanet.com,37265.39
771075182,9/1/1994,lhollylandlk@globo.com,22598.55
971380152,10/5/1991,cocalleranll@twitpic.com,11909.38
834547406,3/16/2018,lpecklm@goodreads.com,28459.67
203401654,3/4/2020,nissettln@sciencedirect.com,29758.18
845011858,10/7/2015,lbeardwelllo@msu.edu,17955.72
776773053,8/6/1997,dsolanolp@themeforest.net,36572.53
355524056,2/11/2005,cpratchettlq@mozilla.org,25084.87
746285909,2/8/2020,zolssonlr@indiatimes.com,38553.82
965395001,11/16/2018,mmowerls@spotify.com,31239.15
260863661,8/5/1990,jzuanazzilt@ed.gov,28275.57
414649590,10/17/2018,jhamlenlu@netvibes.com,15580.48
560092108,8/7/1994,wdoctorlv@gov.uk,18433.59
511959969,2/18/1991,lcrannelllw@hubpages.com,26521.45
798619456,10/8/2003,pchappelllx@hostgator.com,36990.74
683428207,8/1/2018,fyersinly@buzzfeed.com,26050.37
341111874,6/6/2018,emorleylz@theguardian.com,24782.36
860561316,4/30/2007,ajackem0@issuu.com,17120.35
588118646,8/6/2016,afawlkesm1@wp.com,12293.93
665065699,6/26/1993,afennelowm2@amazon.com,35579.08
952927083,10/4/2017,lkingsworthm3@jugem.jp,20494.3
373574561,6/11/2007,mknappem4@ftc.gov,15709.73
865858041,11/8/2001,rporrittm5@symantec.com,22131.72
96524598,9/5/2014,mbarrimm6@amazon.co.jp,34003.22
589618300,2/16/2013,jingermanm7@edublogs.org,12419.1
301561367,3/8/2004,cdavleym8@mit.edu,22204.04
602936014,9/1/2017,hjakoubekm9@yolasite.com,39395.93
932107925,10/22/2019,npeirazzima@cyberchimps.com,22529.06
781014064,5/30/2001,wprovenmb@rakuten.co.jp,39881.67
151569775,3/22/1991,fscholemc@histats.com,37740.66
608965204,6/5/2003,vsimsonmd@sfgate.com,36420.44
193381268,11/5/2005,zfoottitme@yolasite.com,39072.63
422587771,10/11/2019,bmashammf@newsvine.com,30918.23
865336798,1/30/1996,ddeplacidomg@oaic.gov.au,35237.81
465393436,11/11/2014,ablandameremh@blog.com,26181.99
606386446,6/15/2009,rkytleymi@soup.io,21533.66
32577453,2/13/2005,rlebretondelavieuvillemj@bing.com,10907.11
716596395,3/21/1996,obabbidgemk@cbc.ca,38437.89
594139861,10/23/1991,jwindrumml@booking.com,37625.86
191792155,11/16/2014,rmainsmm@istockphoto.com,12408.63
742387076,7/23/1995,tdecleynemn@hexun.com,23092.16
90555189,7/13/2015,sbristowmo@fda.gov,35839.47
987521516,6/4/2017,bpittammp@cloudflare.com,15319.9
657092308,1/14/2005,hgannmq@booking.com,38469.29
881758569,10/17/2019,echasteaumr@berkeley.edu,35127.42
438528073,4/5/2013,kbalcombems@indiegogo.com,31340.01
956614036,4/12/1999,csarsonmt@uiuc.edu,35334.13
405374115,9/1/2018,ehaglandmu@buzzfeed.com,15257.73
943241472,4/3/2003,rcatterellmv@google.cn,27483.89
867160033,12/13/2002,yclemomw@bizjournals.com,33561.89
280614723,7/24/2002,gmolandmx@latimes.com,36874.23
267600558,7/19/1998,lbrosettimy@cdbaby.com,33732.01
946588395,10/22/1995,skentmz@mlb.com,21175.15
871092249,9/1/2006,hgrundwatern0@google.cn,22409.64
837906098,4/2/1999,alamasn1@howstuffworks.com,14672.96
156227570,5/1/2004,rcorfieldn2@auda.org.au,38871.07
282001730,11/24/2008,fkoseln3@army.mil,15623.41
189173639,11/17/1997,lwykeyn4@macromedia.com,23209.94
129641233,5/26/2022,pchellamn5@bloglovin.com,10304.15
273404049,9/14/2010,dpindelln6@nsw.gov.au,18154.38
601997040,3/24/2017,cbruckentn7@eventbrite.com,21112.39
383036126,9/7/2014,dbeasantn8@ocn.ne.jp,26555.61
85009839,11/11/1999,dwandsn9@netlog.com,22538.73
884018880,3/18/2011,mpharaohna@theglobeandmail.com,37410.78
500888325,1/28/2005,jmalacridanb@washingtonpost.com,17575.19
934577669,12/17/2001,ebursellnc@examiner.com,12052.97
163886100,12/5/2017,dpetracchind@dion.ne.jp,27153.69
714564754,10/18/2022,nsaintpierrene@tuttocitta.it,26389.28
366958564,4/23/2010,cpalknf@ucoz.com,38057.08
249865227,12/12/2005,vdinesenng@mlb.com,11747.7
525615108,11/11/2015,ttringnh@google.ca,16049.54
684792558,5/14/2013,psalzbergni@oracle.com,23160.81
124356012,3/13/2010,klathenj@storify.com,18477.09
142986607,10/5/1990,mstringfellownk@printfriendly.com,29367.19
786077099,7/20/2001,oreddlenl@soup.io,33910.94
93586640,2/25/2015,sfluddernm@stumbleupon.com,33245.5
868638869,8/11/1997,dscousenn@usda.gov,22905.66
225963386,4/6/2003,dgorhamno@shutterfly.com,30136.49
132454579,3/1/2016,eosullivannp@so-net.ne.jp,17498.9
130735436,8/2/2006,apicklenq@nifty.com,22551.27
682095567,12/29/2018,gvolksnr@theatlantic.com,21975.48
168359540,4/11/1998,cmayburyns@odnoklassniki.ru,20942.84
682392048,8/25/2009,enapletonnt@pen.io,35261.79
846961595,9/19/2001,mferrenu@google.cn,21219.72
261782292,8/14/2003,hmccuthaisnv@omniture.com,13952.26
116393953,8/5/2020,dcobonnw@ihg.com,24441.0
4265793,3/30/2009,nlatesnx@naver.com,16875.06
8529626,6/29/1990,mmcgaugeyny@indiatimes.com,38087.28
338502537,5/13/2005,aclemsonnz@bbb.org,36798.17
247398664,5/18/2020,pwayvillo0@blog.com,20930.68
317908019,4/24/2022,rinneso1@nih.gov,18966.84
396840119,4/5/2006,cniesso2@shareasale.com,35913.31
14994371,5/16/2009,gbilberyo3@diigo.com,13347.3
756892161,7/29/1996,lfernano4@miibeian.gov.cn,37100.56
304456737,12/11/2020,lamthoro5@mozilla.com,12151.65
154571189,11/19/2022,ecatlingo6@oakley.com,22488.41
565724829,8/16/2001,fskullyo7@java.com,28453.6
439937468,3/26/2003,ahasleyo8@webeden.co.uk,11824.79
407863591,1/28/2011,btordiffeo9@jiathis.com,10490.13
367300022,5/24/2005,afilipchikovoa@blogtalkradio.com,14880.88
433691450,11/16/2004,dgaffneyob@blogspot.com,35190.91
620463060,7/6/1990,rvakhoninoc@omniture.com,10712.45
570715762,12/8/2000,bflipsod@cnet.com,16092.64
454398442,7/23/1997,lchallissoe@imageshack.us,11746.88
909075052,7/11/1997,abinnsof@com.com,11385.55
802621907,12/23/2008,mbarnbrookog@economist.com,13932.2
539814947,9/3/2017,ebeyeroh@livejournal.com,12778.48
556820938,2/26/2005,mmcnabboi@taobao.com,33351.16
764511147,5/12/1997,gjordonoj@nydailynews.com,23926.72
336298309,5/15/2018,aassiterok@wordpress.org,31559.42
823362934,10/7/2016,atomlinol@lycos.com,36084.58
376514459,10/22/2015,jbursnallom@soup.io,22104.53
66522401,8/21/2020,salduson@xinhuanet.com,12796.49
265323971,12/20/2020,ljedraszczykoo@gmpg.org,26914.57
139762612,8/29/1999,tmccuffieop@ibm.com,14262.02
837555288,1/8/1992,bdammarelloq@msu.edu,16810.99
320816642,12/5/2009,cnormavellor@edublogs.org,10404.4
382058317,6/21/2018,colivieros@reuters.com,27329.2
172623648,2/20/2009,isimioneot@wikipedia.org,33089.88
414237070,9/14/1994,nworboyou@yelp.com,17894.5
319233704,8/18/1998,pjouhanov@elegantthemes.com,34976.14
903169332,7/11/1995,hcurnockow@meetup.com,14421.79
368740487,9/5/2020,rshurvilleox@sourceforge.net,33896.08
475576901,2/3/2021,gduplainoy@vistaprint.com,26666.02
615890147,1/8/2000,ccianioz@google.de,36456.61
614166620,2/26/2007,minsleyp0@google.es,22170.4
966319251,10/12/2014,hatlayp1@mlb.com,10885.12
601185673,6/29/1994,jcurtoisp2@google.nl,13284.8
554684612,3/29/2005,lkeepencep3@weebly.com,32400.96
504726060,9/28/2002,zlordenp4@europa.eu,14502.16
192146072,6/13/2001,vmclearyp5@irs.gov,21259.39
740634306,7/22/1998,ctauntonp6@google.com.hk,31591.94
22835250,5/18/2008,bspellardp7@w3.org,10489.82
771711165,4/29/2015,gfarloep8@blinklist.com,29412.67
628325763,10/28/2001,fmingardop9@indiatimes.com,37322.45
537087318,12/27/2008,jmcenteepa@pagesperso-orange.fr,13422.31
835063291,11/25/2008,jfengepb@nih.gov,18806.18
189265903,11/11/2020,cwellwoodpc@google.es,38753.69
79956476,9/30/1992,cheditchpd@chron.com,22940.48
16034486,5/17/1995,iandrusyakpe@businesswire.com,21621.57
139501905,6/12/2007,hgrittenpf@goodreads.com,12917.53
74226979,1/17/2020,dhubbuckpg@uiuc.edu,28662.89
983497748,12/16/2002,vklimukph@fda.gov,19551.43
290808214,8/7/1991,cbeveredgepi@stumbleupon.com,16664.46
148588538,7/22/2021,tjasparpj@nyu.edu,10264.31
270494863,11/29/2009,umccritichiepk@upenn.edu,18244.5
59238743,1/5/2005,mcastaignetpl@ucoz.com,14072.74
113455549,12/9/1995,mkennardpm@rakuten.co.jp,25632.94
830290841,3/11/2018,achevalierpn@joomla.org,10721.24
510871760,5/23/2009,ffranchionipo@globo.com,15406.29
689836461,6/2/2015,clothlorienpp@bloglovin.com,37461.03
711109747,7/22/2014,bhouchinpq@chron.com,39195.03
838014245,1/6/2018,vbaseliopr@hugedomains.com,25125.56
308869698,9/24/2014,wfeyerps@cbc.ca,17335.63
927364969,7/19/1991,dbreapt@jigsy.com,30252.64
480637779,6/6/1999,jmonerypu@usa.gov,34135.62
137269829,2/6/2019,fsouthernwoodpv@house.gov,13733.18
909298075,2/5/2020,kabbapw@independent.co.uk,31296.91
285472353,10/29/1991,pillingsworthpx@sina.com.cn,23928.19
222397923,10/2/2016,dlowndesbroughpy@webeden.co.uk,30394.62
361305613,7/14/2015,cgerholdpz@irs.gov,19032.81
936357276,12/9/2001,bwingarq0@yelp.com,11326.73
196075098,8/19/2000,spreddleq1@nhs.uk,33838.84
203912444,7/3/2015,bseagerq2@smugmug.com,14142.04
350407479,11/5/1991,apadkinq3@slate.com,31606.6
151202600,11/8/2020,zolyhaneq4@1und1.de,13443.74
328110311,7/25/1994,ogrossierq5@examiner.com,27026.86
165087799,11/22/2003,ckorbq6@jiathis.com,30963.56
715817291,7/8/2006,abasilottaq7@alibaba.com,35258.66
37218587,10/18/2022,ljodlowskiq8@techcrunch.com,38917.81
940029481,3/17/2011,lchallesq9@networksolutions.com,29705.28
839640783,5/4/1993,fhuittqa@seesaa.net,20247.87
708650893,10/16/2017,pdiackqb@sciencedirect.com,21914.29
898451515,8/25/2006,dcockshotqc@youtube.com,21408.62
10557156,1/5/2019,acoburnqd@cpanel.net,38566.12
457533039,2/18/2012,eissonqe@tinyurl.com,38120.84
657710398,12/2/2019,hbottomoreqf@xinhuanet.com,35542.45
580615841,1/15/2003,hlamartineqg@pen.io,10113.78
292163084,1/1/1995,bkingsnoadqh@imgur.com,10720.0
219696036,8/21/1998,kmongerqi@google.es,20867.72
653370617,9/26/2020,hmcmorranqj@phpbb.com,33906.93
792971915,6/8/2011,ckilnerqk@berkeley.edu,11708.68
818145710,8/4/2008,bpenhalurickql@tripadvisor.com,30605.31
798744902,2/24/1993,groakesqm@fda.gov,34996.87
827147157,1/17/1996,iborwickqn@arstechnica.com,33475.74
779730332,3/20/1992,bgianneschiqo@twitpic.com,20706.39
96433400,11/1/1990,rcaldairouqp@scientificamerican.com,18082.06
555029483,2/28/2016,dbuddleighqq@deviantart.com,10722.15
720886958,6/2/1996,scoonanqr@ocn.ne.jp,11091.59
857170460,3/1/1999,fkittlesqs@uiuc.edu,30447.48
626839071,8/20/2015,rstoakleyqt@geocities.jp,37038.23
273752166,9/20/2000,mhatjequ@tumblr.com,13327.9
200102700,11/20/2022,mmckeonqv@indiatimes.com,36453.01
923915758,12/13/2022,pwillishireqw@hexun.com,29396.62
381555591,4/19/2022,lsheaberqx@icq.com,11944.88
865051547,2/23/2010,mhasserqy@booking.com,22850.71
287939701,12/16/2022,sauburyqz@istockphoto.com,23106.37
837047775,9/13/2012,lkesterr0@hexun.com,39441.17
112062104,3/3/2022,fpantherr1@imageshack.us,11641.38
625501679,4/5/2000,gwillstropr2@cbsnews.com,12697.74
346497928,10/19/2004,nwalterr3@netvibes.com,31086.33
809313279,1/8/2018,wmcclaryr4@bbb.org,19538.41
177725275,1/7/2008,mfreakr5@wix.com,19380.65
475143084,3/6/2017,gmetherellr6@over-blog.com,22895.82
808722912,9/18/1992,chenzer7@statcounter.com,11374.77
217745749,1/22/1996,smoxhamr8@wikipedia.org,29507.1
55729899,7/28/1999,tpaviar9@dagondesign.com,35757.87
356945646,10/11/1990,ntottra@slate.com,33215.73
183996412,4/6/2011,ccalkenrb@nydailynews.com,21642.47
141165127,7/10/1991,wtideswellrc@people.com.cn,34982.9
940795524,8/19/1999,fbraunrd@gnu.org,36768.67
552396877,11/26/1996,ebaldickre@narod.ru,34608.44
477341974,5/2/2007,zsayburnrf@livejournal.com,38475.3
86216465,12/6/2014,fcornhillrg@gizmodo.com,11744.41
866432483,11/23/1995,tsainsberryrh@smugmug.com,31790.18
377375357,11/17/2019,cruddellri@friendfeed.com,28360.01
68866672,6/21/2017,eveaseyrj@blogspot.com,29662.11
882892476,5/2/1995,jskellyrk@google.it,29604.26
313043284,3/10/1998,drosonirl@yandex.ru,29502.07
38738905,8/26/2022,fcrutchfieldrm@studiopress.com,19317.95
558399219,8/10/2009,hdowdrn@nature.com,27009.03
955005893,5/14/2015,cmcglewro@multiply.com,33570.21
616848364,5/31/2021,xgodinrp@npr.org,36979.97
558951023,8/26/2007,bskentelburyrq@hp.com,24434.84
438989021,2/8/1995,mwormleightonrr@redcross.org,29481.91
399986624,5/20/1994,gweatherill0@ft.com,25436.36
269538483,1/16/2007,xsegeswoeth1@nifty.com,14043.03
534281242,12/10/2006,chiggoe2@xing.com,12517.72
865469796,2/22/1992,gchadbourne3@google.ca,37865.66
205651677,5/3/1997,homullally4@tripadvisor.com,14791.86
961705431,7/10/2004,jespinheira5@myspace.com,36332.72
866850379,4/21/2004,mlippett6@lulu.com,24641.83
98711781,11/26/2011,hadelsberg7@typepad.com,32590.95
439401098,9/14/2012,baberdeen8@dot.gov,19672.84
952942563,12/1/2008,prumens9@wordpress.com,37573.29
582838680,7/3/1990,clongleya@reddit.com,12974.92
431121448,2/2/2009,nespb@msu.edu,32655.73
738786856,7/25/2016,hmasterc@51.la,23626.5
500779422,4/26/1992,zcoundleyd@businesswire.com,21472.48
558645726,2/1/2020,glileye@fotki.com,31066.72
742275363,4/22/2008,spenwrightf@nbcnews.com,21437.59
466283164,3/27/1992,xgeharkeg@usa.gov,15354.38
850281050,9/26/2010,jgilardengoh@dropbox.com,31973.75
919469570,5/18/1999,cgerriei@dot.gov,20640.71
392159447,1/21/2001,bklainmanj@xing.com,13345.14
331847566,7/19/2004,kjekelk@ifeng.com,10671.32
477384522,12/30/2006,mduseyl@ftc.gov,26768.15
930318632,4/9/2016,apawlikm@typepad.com,11517.36
73458637,2/4/1999,ameachenn@webnode.com,26938.12
875095385,8/16/2004,jdungateo@imgur.com,37089.29
626026162,5/25/2020,cbeeseyp@deviantart.com,28352.8
750413466,11/4/1996,mislandq@arizona.edu,37471.53
258257734,9/14/2022,cbannellr@furl.net,35055.46
944890409,10/6/1994,dfranks@vinaora.com,17728.43
945901588,9/5/2010,nsemplet@phoca.cz,16364.12
6705183,6/9/2001,fdeatonu@wordpress.com,26792.89
531255611,8/25/1998,mdeyenhardtv@cyberchimps.com,15100.11
42392363,7/30/2007,driddlerw@chron.com,38511.36
123006459,3/28/1997,fburchnallx@pen.io,13495.51
887072913,6/7/2014,runwiny@cdbaby.com,21366.01
545043343,2/15/1991,mgorickez@blinklist.com,10927.6
641980958,8/18/1995,qcork10@woothemes.com,39579.08
487981250,12/6/1993,bdunphie11@unesco.org,34973.22
344134039,10/16/2012,lcharlin12@usgs.gov,38757.02
972655996,7/6/1990,dravilious13@printfriendly.com,34453.78
678680055,3/19/2016,nfigure14@google.com,18963.83
362327398,7/15/2022,ccastellone15@mozilla.com,18505.33
597740703,3/23/1995,gpeagrim16@archive.org,26037.52
166736983,10/26/1997,lprys17@cyberchimps.com,16179.2
894671407,6/28/2015,lsaxton18@printfriendly.com,31531.77
311145347,10/25/2004,gdoubrava19@ameblo.jp,29494.24
317677542,2/22/1990,jwayne1a@wikia.com,12697.94
396637892,3/24/2003,pionesco1b@businesswire.com,33198.89
908856645,5/11/2012,gbarczynski1c@twitpic.com,34523.46
9671324,5/16/2019,msisselot1d@blog.com,27920.82
881945679,7/15/2015,sveillard1e@abc.net.au,17053.96
760946562,7/18/1996,sscotchmer1f@omniture.com,27780.08
566140697,4/29/2001,nmate1g@ucoz.com,36498.58
377245072,10/20/2008,gfrake1h@msu.edu,21550.29
669747785,9/5/2007,bmatteucci1i@webeden.co.uk,39925.25
527756719,1/1/2007,fdegowe1j@scribd.com,13660.05
47387275,10/24/2012,kcage1k@smugmug.com,26355.86
639209043,3/9/2018,timison1l@weather.com,15824.1
536773860,10/23/2005,tbonny1m@ted.com,33626.68
692697474,8/5/2005,hpavlata1n@tinypic.com,29660.76
902819764,2/10/2015,blavall1o@berkeley.edu,16564.99
357212138,9/23/1998,brandle1p@seattletimes.com,15071.5
304375072,3/21/2003,hemmert1q@seesaa.net,29253.51
216953228,1/17/1998,mthomann1r@seattletimes.com,15433.56
744302386,1/1/1997,nbowart1s@google.com.br,36503.51
477937101,6/29/2007,dtrott1t@163.com,33676.41
856845032,1/19/1994,gmcgreal1u@lycos.com,18702.96
136228174,4/7/2017,srecord1v@cdbaby.com,30162.74
430883102,10/31/1998,vculross1w@ycombinator.com,21050.18
310569776,9/13/2008,dwarkup1x@technorati.com,14358.87
436562061,11/8/2003,hthorndycraft1y@cdc.gov,27160.71
309057392,7/20/1993,jcrummie1z@nih.gov,20114.41
680146314,3/25/2006,tmatisse20@globo.com,12237.57
739125851,9/16/2007,tcolqueran21@ca.gov,23805.97
91887438,12/5/2016,eeaken22@alexa.com,29500.55
834604905,7/28/2018,mcatonne23@illinois.edu,14869.57
740064426,11/22/1994,krozanski24@aboutads.info,27978.21
523064423,6/14/2007,kmcgaw25@businessweek.com,25893.17
29655290,4/16/1997,ndrivers26@admin.ch,26886.18
164730606,7/6/2019,kgooda27@washingtonpost.com,31835.09
564454368,10/27/1999,vramlot28@ihg.com,28491.96
899661407,10/14/2020,obust29@google.co.uk,35965.91
510659474,11/2/2013,edowdeswell2a@unc.edu,37257.83
488384138,9/9/1990,kscamwell2b@miibeian.gov.cn,29645.2
90846690,10/12/2001,rpembridge2c@usgs.gov,24909.29
536299289,9/10/2004,dcoughtrey2d@sciencedirect.com,12078.81
596398212,4/19/2007,zmore2e@wikia.com,27494.63
23702924,4/13/2014,ygreatbach2f@nih.gov,10991.41
518478007,1/10/1994,tmckitterick2g@hexun.com,26635.69
159884015,10/1/2005,fstanworth2h@prweb.com,12657.17
934627709,3/11/1996,bchander2i@creativecommons.org,21505.93
847297795,12/1/2021,kpenna2j@virginia.edu,16149.56
532179776,3/23/2004,mbatt2k@marriott.com,11076.17
962127552,12/30/2000,dagutter2l@columbia.edu,18629.49
651141543,4/23/1994,elaugier2m@google.com.hk,24853.28
217307777,9/30/2015,bdrayton2n@cargocollective.com,23995.72
203362201,12/22/2013,tbelliveau2o@state.gov,15916.92
257362753,6/20/2002,sellerman2p@adobe.com,31646.54
360348470,5/21/2012,jcallendar2q@spiegel.de,14643.88
964004911,8/2/2013,trobottham2r@digg.com,30371.08
296404932,11/20/1992,mmcilwrick2s@va.gov,28318.59
451435996,2/13/2002,bmcrobbie2t@cnbc.com,31482.9
295141432,10/11/2018,fgosker2u@techcrunch.com,11191.04
962252175,9/17/2016,adoge2v@noaa.gov,29583.86
790269684,9/11/2011,hkeaveny2w@digg.com,18617.43
365599961,8/29/2012,mpolley2x@zdnet.com,29830.28
169903519,6/15/2002,jbennis2y@chicagotribune.com,21455.23
411419128,1/8/2022,mschiesterl2z@myspace.com,39957.74
831342364,10/10/2013,rvanderson30@nyu.edu,26876.31
723239902,12/3/2016,traw31@nydailynews.com,33094.27
686572162,7/8/1991,atireman32@google.de,23709.84
378625945,5/1/2006,cmccree33@youtube.com,20254.4
541782772,6/9/2011,kbargery34@phpbb.com,38689.3
481594822,2/20/2014,nbostock35@gizmodo.com,17607.89
113694834,8/7/2017,nclimson36@typepad.com,39062.65
648680892,7/8/1997,ghullyer37@buzzfeed.com,36262.82
705829809,1/24/2007,lpetheridge38@google.cn,12217.98
646959194,5/30/2006,pdyble39@hc360.com,30219.76
45781205,5/27/2013,bcastell3a@fastcompany.com,25024.09
578869997,8/9/2000,kgranham3b@bigcartel.com,10658.03
352153326,6/17/2013,hstandeven3c@is.gd,17308.39
478838389,7/21/2013,kferebee3d@wunderground.com,23443.94
630746332,1/4/1992,lepperson3e@wordpress.org,28027.66
962911141,9/20/1991,gsymondson3f@histats.com,38684.24
31805037,10/15/2012,adowning3g@over-blog.com,22058.04
858296542,3/12/2008,gabramovic3h@nasa.gov,27460.13
695330556,5/11/2010,bdybell3i@blogspot.com,35715.54
679757064,3/4/1998,ofolley3j@harvard.edu,18512.28
831149878,5/28/1996,zbrandolini3k@telegraph.co.uk,23703.14
176403930,1/16/2016,kmarquis3l@youtu.be,13214.41
353722059,2/22/2006,lhargie3m@princeton.edu,29921.02
937389200,12/27/2002,rholstein3n@apple.com,31532.15
548354007,7/19/1992,spohlke3o@feedburner.com,14157.23
382383734,5/9/2002,eteall3p@eepurl.com,33231.55
544236382,3/31/1999,hgarrigan3q@census.gov,12310.41
554019310,3/24/2012,brasch3r@utexas.edu,12646.99
456180806,11/29/1994,crobuchon3s@loc.gov,22403.55
909795267,8/20/2021,alodo3t@wikimedia.org,17400.94
453205244,2/7/1990,zcapponer3u@columbia.edu,11015.45
398148960,6/16/2018,dpethick3v@theglobeandmail.com,29415.36
653903496,4/28/2017,cyglesias3w@goodreads.com,10043.0
857554072,12/14/2015,eleadstone3x@va.gov,30818.63
509226308,10/3/2007,jsetterfield3y@cocolog-nifty.com,13200.43
123261985,7/2/1998,dharnetty3z@acquirethisname.com,15641.56
310619916,9/24/2019,jkaine40@free.fr,15626.19
943988244,3/25/2013,eescale41@naver.com,32977.63
403456386,8/23/1993,nmcteague42@harvard.edu,20053.02
959759858,7/4/2020,oocuddie43@webnode.com,20510.93
611024347,3/2/2015,corht44@newyorker.com,12576.09
42118610,1/23/1993,eraraty45@zdnet.com,31450.24
401828252,8/21/1994,kcoppledike46@dion.ne.jp,35882.44
428456798,1/27/2009,drauprich47@boston.com,37209.49
718165463,10/8/1998,sbambury48@columbia.edu,22781.21
948591875,12/14/1992,jfeander49@nba.com,26834.03
992615650,7/4/1990,jashfield4a@google.com,35184.63
149391026,3/4/2013,dvelden4b@google.it,22535.18
913059591,1/2/2014,lchoffin4c@technorati.com,38630.53
267835826,6/12/2001,scollyer4d@gmpg.org,34646.48
182005418,11/3/2005,cgraveney4e@yahoo.co.jp,11458.89
691629180,11/5/2008,zmccorkindale4f@forbes.com,27983.39
909589175,9/27/2002,kmottinelli4g@discovery.com,10618.94
75902059,7/25/2020,rbonhomme4h@mozilla.com,27414.96
889034567,4/7/2008,fanselmi4i@huffingtonpost.com,23490.4
26196804,12/28/2013,sroan4j@rediff.com,29402.85
388014777,1/25/1998,loosthoutdevree4k@etsy.com,12915.4
791712222,6/11/1992,cdavidof4l@free.fr,37795.45
391375006,4/5/2014,lferrea4m@boston.com,27453.82
732341994,6/15/2018,iworsam4n@ft.com,33686.59
387598803,4/12/2000,estrauss4o@unblog.fr,20221.71
257136759,11/5/1997,hvockings4p@java.com,30785.38
918258845,10/8/1995,reastes4q@cbslocal.com,18565.76
950240541,10/11/2016,mormiston4r@opensource.org,16656.84
144872033,4/24/2021,llett4s@fotki.com,17445.27
736154443,2/12/1997,bolle4t@wired.com,11054.36
437762848,10/10/2015,dbazell4u@taobao.com,12655.59
187169899,10/25/2000,verrichelli4v@oracle.com,13491.26
899511621,8/20/2010,ewherton4w@uol.com.br,33034.87
40956621,12/18/2017,cfagge4x@scribd.com,12643.8
823782188,5/1/1993,mipgrave4y@woothemes.com,35118.47
232370465,2/14/1998,jspeechly4z@house.gov,31865.01
773364531,8/13/1997,csarsons50@mapquest.com,35279.36
994780489,7/10/1993,mlimeburn51@java.com,22071.49
919676455,9/11/2015,qlisciandro52@tumblr.com,27773.58
105146480,9/25/1999,amardy53@intel.com,17628.53
760697317,3/23/2005,ifader54@parallels.com,12903.57
38910407,5/9/1993,neginton55@shinystat.com,28776.6
25671946,10/25/2009,shasson56@scribd.com,25760.64
260461911,7/17/1990,ltenaunt57@fc2.com,37873.1
751311673,3/4/2008,bdarter58@jiathis.com,31364.46
285815206,2/9/2007,amully59@seesaa.net,27327.22
820178272,3/23/1992,rshenfish5a@goo.gl,15962.07
239679115,12/20/2001,tfasey5b@army.mil,15343.53
428282190,7/30/1996,orief5c@shop-pro.jp,39030.97
18202190,8/7/2001,akarlicek5d@europa.eu,25873.49
100337392,1/10/1999,lroxburch5e@histats.com,29784.85
68512099,5/2/2013,abeane5f@fc2.com,38929.66
757273968,8/26/2013,glotte5g@cafepress.com,20806.84
100333992,6/14/2010,gclawson5h@nytimes.com,13065.02
241270391,11/19/2015,cgower5i@ucla.edu,30041.34
463968150,3/25/2004,hbrennan5j@com.com,11753.78
